id,y
1,78.93638
2,95.61344
3,75.93403
4,76.8541
5,121.84906
8,91.90854
10,113.623886
11,97.44247
12,121.08569
14,92.17378
15,117.3768
16,106.192474
17,103.19923
19,96.89674
20,110.022
21,124.373985
22,121.692444
23,104.89355
26,95.121
28,93.58474
29,104.89355
33,104.89355
35,95.74764
41,98.779686
42,91.2922
43,119.81803
45,99.89179
46,101.92096
51,97.02194
53,74.73873
55,117.40463
56,94.14404
57,104.532036
58,93.24884
59,102.86385
63,114.27974
64,95.44124
65,109.41979
69,93.01749
71,94.07416
72,103.63556
73,98.808716
76,107.8675
77,107.805725
78,111.346405
82,95.208466
83,109.41979
84,111.88477
85,101.92622
87,112.33109
88,98.779686
89,116.65904
91,100.49836
93,103.41428
94,104.99384
95,96.40971
96,109.02749
97,98.23556
98,112.1178
99,95.68648
101,103.76191
103,116.65904
104,96.74408
105,115.22806
110,96.12199
111,109.570984
113,111.05027
114,91.801765
115,109.542244
117,116.65904
120,100.35239
121,110.159096
122,91.56707
123,108.227646
126,112.62778
132,114.33132
135,106.05417
137,101.96652
138,93.44683
140,97.035904
142,116.76611
144,110.89133
148,91.72883
149,110.9905
155,92.56699
156,110.63542
157,98.23556
162,115.1369
163,96.96599
167,91.156075
172,119.81803
179,114.68442
180,91.42818
181,112.164635
182,106.26005
183,116.65904
185,116.65904
187,114.06685
188,93.5323
189,98.77971
191,91.66325
192,110.54359
193,96.52908
194,113.029015
195,92.665436
196,118.45487
198,100.460335
199,112.0714
201,108.385704
204,93.05547
205,109.623634
206,92.67909
210,93.042336
211,103.76191
216,112.02435
219,120.94663
220,93.14623
221,109.20736
226,112.164635
227,91.68132
228,110.60159
230,110.83923
231,98.23556
235,121.13909
236,94.242935
238,109.64031
242,106.388306
243,96.2582
244,77.7642
245,110.43252
247,132.71942
248,91.24833
249,92.67644
250,113.27327
251,94.242935
253,121.13909
254,96.64411
256,99.07563
257,92.483696
258,119.32717
259,94.66712
262,80.81436
266,91.058846
267,115.42385
272,106.864914
273,116.65904
275,91.994385
276,121.75444
279,95.835754
280,109.41979
283,90.65126
285,109.603035
288,116.65904
289,86.55005
290,108.71716
291,95.85174
292,112.18342
293,110.58834
296,94.28446
297,112.25191
298,111.091446
299,95.459656
304,93.250626
305,74.9032
306,93.591774
307,112.32673
311,104.39285
313,112.16299
314,92.158485
316,91.12735
324,92.29355
327,89.96665
329,93.6364
330,114.07238
337,110.819984
338,93.27739
339,106.49614
340,94.981415
343,94.88893
345,117.31888
346,104.60352
347,113.831375
349,117.00696
350,93.61899
352,110.50845
353,92.436905
354,76.52568
357,92.93132
358,112.125496
362,118.12455
364,117.007576
365,101.33984
366,92.99791
367,110.54098
368,94.182106
370,74.57072
373,92.431946
377,92.495674
378,112.31721
382,107.58474
384,110.57752
390,98.21089
392,123.622215
393,111.373146
395,92.82333
396,109.03362
399,75.35568
406,112.16299
408,112.16299
409,107.77464
410,76.90141
412,112.73113
413,91.28439
419,92.457184
420,111.086174
421,91.54599
430,99.409386
434,95.53997
436,101.4367
437,95.59512
438,92.41008
439,111.61296
440,93.163765
443,113.14293
446,92.936646
448,94.42755
452,91.95674
453,102.29377
457,107.130684
458,96.560745
459,116.42919
460,101.366264
462,108.18113
464,102.06659
465,121.03439
467,111.40847
471,116.49054
472,76.88693
473,93.15333
475,96.242294
480,98.22322
488,112.85478
490,112.32673
491,103.14779
492,75.83022
493,96.18516
497,90.58284
498,127.87432
499,96.68679
500,101.30583
501,97.1997
502,116.262184
506,75.3622
510,111.91562
511,92.766884
512,92.4378
516,94.754944
518,93.550865
519,114.70526
521,91.24308
522,114.490074
526,115.145874
529,92.7673
532,112.934944
533,92.58997
536,118.43321
537,97.01196
539,97.30009
540,102.95303
541,94.53462
543,99.39451
546,112.56005
547,92.75482
548,75.246414
551,93.39759
552,102.81287
556,105.5055
557,98.294975
558,110.540985
559,92.974815
560,110.25193
562,109.08522
566,92.74208
570,127.87432
571,95.59512
572,109.5493
573,94.5528
575,121.03439
576,111.71984
577,93.96332
579,92.19586
580,110.22181
581,113.70061
589,112.32673
591,99.57071
593,94.48904
594,103.21894
595,97.57631
598,92.50549
602,109.952446
604,110.10572
606,112.77393
608,94.21154
609,103.84076
610,97.547775
616,113.22973
617,95.4433
618,101.70369
620,101.63943
622,115.56096
623,90.9285
624,130.07101
626,116.52794
628,119.3612
629,94.96041
630,110.818985
637,95.828316
638,104.40663
643,102.316025
645,98.22322
646,114.22695
648,93.74335
652,92.59663
653,94.49835
654,127.87432
656,111.83448
657,105.93888
659,94.43979
660,102.84425
663,90.152954
664,114.802086
666,103.83509
668,109.29604
669,93.98106
671,93.873566
675,91.41012
677,95.53517
678,109.20063
679,107.18961
682,95.05098
685,105.33548
687,93.461235
688,91.93285
693,108.34245
696,95.91432
698,98.77069
701,91.06002
704,106.51023
705,121.2061
709,113.42774
710,95.3266
711,104.727425
712,96.03695
714,113.42695
715,95.56447
716,112.74045
717,97.90406
720,117.24034
721,91.49401
724,101.71126
725,92.94809
726,117.03916
728,109.42636
731,95.086624
734,101.80472
738,91.429504
745,112.34734
746,95.27148
751,75.83033
754,91.074745
756,91.296555
758,94.227455
759,112.2561
761,118.544075
766,101.778694
767,108.77584
768,91.404945
769,112.53908
770,96.550385
771,75.52634
772,103.96554
773,94.28328
774,110.79198
776,110.80872
777,92.5525
780,123.12509
782,103.65947
787,101.69705
788,96.09537
792,91.783516
793,110.82377
798,103.02108
800,93.15629
806,112.74045
809,110.83187
811,113.55108
812,93.10784
814,121.21825
816,105.701866
817,92.92002
818,114.93156
820,110.54806
823,97.1807
829,90.425476
830,117.32682
831,91.7608
834,111.62274
839,93.60903
841,76.075195
844,104.25564
845,93.44309
848,92.824936
850,92.09011
851,101.48678
852,94.15209
854,94.15632
855,93.83433
856,101.888
859,102.13104
861,110.79197
864,93.87152
865,111.4157
866,91.05263
867,92.8026
869,95.313995
871,95.508675
872,112.74045
882,104.36021
883,94.80082
885,92.793396
888,92.631744
893,111.89467
901,107.576614
903,103.860756
904,94.57571
905,103.34239
910,95.83813
911,108.84053
914,114.512
918,130.00276
921,94.06491
928,95.340034
929,102.09636
932,89.45093
933,106.30761
934,95.83813
935,111.208725
937,76.47676
939,96.44496
940,100.05341
941,100.58877
942,102.610344
943,96.056305
944,101.32021
947,112.74045
949,109.904
951,114.660255
952,98.02651
953,103.86075
954,77.01874
957,111.24828
959,91.43332
960,113.97152
963,121.21825
965,112.74045
967,101.51127
971,97.91826
972,77.36985
973,92.02449
974,110.74995
975,90.94566
978,121.53695
980,111.49837
981,98.299965
984,118.68263
986,95.83813
988,91.404945
989,111.959625
990,104.94938
992,107.576614
996,97.53411
999,120.732574
1000,91.931564
1001,111.4157
1002,91.96938
1003,110.80872
1004,91.899445
1008,111.47922
1009,92.85227
1010,104.80575
1012,111.49533
1013,91.29341
1014,121.695755
1015,96.745285
1016,120.86176
1019,95.60328
1020,119.89312
1021,95.83813
1022,103.911316
1024,95.83813
1025,76.23525
1027,93.04481
1028,101.62486
1029,91.017654
1030,90.88557
1033,112.90988
1036,90.495476
1037,109.348885
1038,93.920784
1042,96.44496
1043,106.25044
1044,96.45543
1045,112.828575
1047,120.69595
1050,95.843025
1051,112.3429
1054,96.51237
1056,98.299965
1057,93.06626
1059,94.33476
1062,118.69981
1063,108.3831
1064,98.299965
1066,94.87071
1070,107.70449
1076,111.196236
1077,102.924934
1078,110.321465
1080,118.07349
1082,112.58297
1083,91.06857
1089,113.15254
1091,93.831795
1093,92.66585
1097,97.64661
1099,90.89775
1101,96.16121
1103,91.24699
1104,112.76895
1106,114.34266
1109,91.17719
1110,116.28627
1111,90.21261
1112,111.47434
1114,95.40735
1116,115.12836
1117,110.67952
1120,95.14446
1124,113.73998
1125,90.747185
1126,112.81749
1134,112.52955
1137,92.686485
1138,117.84352
1144,114.012245
1145,99.065
1146,91.89104
1148,90.983154
1150,97.5454
1152,104.503525
1153,92.548195
1154,104.0122
1155,94.4398
1157,92.228485
1162,96.64242
1165,111.41008
1166,95.30515
1167,105.32744
1168,97.54943
1169,102.13818
1171,121.76181
1172,95.97497
1173,102.13818
1174,94.57919
1176,94.62507
1177,102.21738
1178,93.09356
1182,109.69901
1186,98.8438
1187,110.24244
1188,91.727036
1189,123.73268
1191,107.857285
1192,96.8587
1197,110.78952
1198,92.813095
1200,75.432976
1201,92.74575
1203,97.0783
1209,121.2757
1214,103.189186
1218,112.73796
1222,91.97452
1226,93.93814
1228,92.93629
1230,91.92841
1232,75.76189
1233,105.347725
1236,119.284904
1238,96.781975
1241,114.012245
1244,102.43523
1246,91.71159
1247,113.59567
1250,110.52187
1251,94.830154
1254,127.403175
1255,98.21147
1256,111.44366
1257,92.73516
1258,91.34688
1259,113.16799
1260,94.08693
1263,113.86652
1267,75.081055
1268,108.229385
1271,95.91489
1272,112.034424
1274,103.85632
1275,96.64242
1276,112.4784
1277,91.99785
1279,91.89104
1281,92.03878
1282,91.727036
1283,111.81306
1285,115.637375
1286,92.43678
1289,115.678085
1296,111.35188
1299,98.01964
1301,97.71475
1306,91.922134
1307,93.3936
1308,92.31075
1313,112.4784
1314,96.8485
1315,116.28627
1316,93.413445
1317,111.945244
1319,91.90124
1323,98.23432
1324,111.812805
1325,96.58876
1328,102.543365
1329,95.86158
1330,110.38662
1331,92.404045
1332,103.77196
1337,93.73513
1338,112.87797
1339,91.09616
1340,109.416985
1343,113.2043
1347,102.10911
1348,93.40846
1349,103.722176
1352,91.7677
1354,93.74082
1359,113.01163
1360,96.9555
1363,112.526344
1364,102.613014
1365,102.197235
1366,97.97028
1372,107.58727
1375,109.48564
1376,91.218506
1378,90.756516
1379,117.373085
1380,97.31127
1381,102.169495
1384,112.774864
1387,98.82041
1388,108.13313
1392,75.10114
1394,102.23943
1395,92.682945
1396,113.11155
1398,93.259415
1399,113.11155
1400,91.75255
1401,93.37504
1403,100.59568
1404,110.833626
1406,113.11155
1407,92.98522
1408,113.820625
1410,74.93602
1412,113.400154
1413,92.24562
1415,96.90806
1420,113.820625
1422,112.381775
1423,101.662834
1424,113.820625
1425,95.62559
1426,74.93602
1427,95.335915
1429,93.17665
1430,110.11956
1431,95.83423
1432,103.58899
1434,115.19813
1437,93.75297
1438,103.50486
1440,111.42338
1441,114.02749
1442,93.02394
1444,108.88561
1445,94.96597
1446,103.48561
1448,92.495674
1453,92.35253
1454,113.400154
1455,96.3515
1456,115.33096
1458,113.400154
1459,92.48028
1461,93.77335
1465,98.82041
1466,111.04545
1469,97.99091
1472,92.35253
1474,91.568085
1477,116.045235
1479,114.91904
1482,90.18525
1483,75.92324
1487,92.30012
1488,110.87311
1490,112.11522
1492,119.84019
1494,123.647255
1496,103.72665
1497,92.782524
1499,96.22317
1502,93.296524
1507,114.10196
1508,91.7677
1509,112.34049
1511,94.101364
1512,110.58828
1513,119.09
1514,101.75467
1518,112.31034
1519,91.40384
1522,115.14922
1524,75.45687
1527,93.02394
1529,91.01484
1532,103.144135
1536,112.84301
1537,121.480286
1539,105.938286
1542,121.25183
1543,91.218506
1544,103.78289
1545,78.93473
1550,92.440834
1551,110.359406
1554,109.26707
1556,104.92901
1559,92.87403
1560,76.623604
1562,94.18758
1566,91.62032
1567,111.24243
1569,102.72263
1570,111.41225
1571,115.51403
1574,91.7677
1578,104.339874
1580,92.638466
1583,117.19452
1584,91.7677
1585,109.6443
1586,93.641335
1587,111.52318
1588,92.813736
1590,118.01257
1592,102.884514
1596,114.55761
1598,108.656845
1599,91.80784
1604,112.496895
1606,102.80292
1607,92.24562
1608,107.33442
1609,121.48483
1611,92.32198
1613,94.702545
1616,94.15006
1619,110.61591
1620,93.42648
1621,110.3956
1622,96.302635
1625,106.971344
1627,121.48483
1629,109.67482
1634,96.484406
1636,95.67582
1638,102.0267
1639,94.613014
1641,95.711876
1643,92.423256
1644,103.06493
1645,125.61696
1646,91.64395
1647,112.49366
1648,95.78524
1652,92.638466
1653,112.34687
1656,92.61696
1658,91.80784
1659,112.59571
1661,92.438675
1663,92.24562
1664,111.56943
1665,94.72946
1666,104.92901
1667,103.02557
1668,76.06874
1669,107.04107
1670,94.0509
1672,110.89459
1674,121.851364
1677,110.87311
1678,91.7054
1679,112.24356
1680,91.10096
1683,102.51348
1686,101.74264
1687,111.44476
1689,111.370094
1690,91.87725
1691,116.595566
1692,111.82129
1693,91.7677
1695,93.07426
1696,92.35253
1697,113.397995
1700,104.92901
1701,90.96737
1702,110.18322
1703,91.34931
1704,110.75109
1706,93.81007
1707,119.22776
1708,97.65985
1710,95.09455
1711,101.78105
1713,106.749054
1717,101.46614
1719,104.339874
1720,94.06531
1722,92.42081
1725,102.123825
1726,97.641624
1727,102.373245
1729,109.327225
1730,91.13868
1731,111.49752
1733,104.92901
1734,95.85179
1735,112.381775
1738,94.702545
1742,95.93347
1745,121.851364
1747,91.63804
1749,96.41329
1751,95.76147
1752,75.61171
1753,105.01158
1754,95.40138
1755,94.35684
1756,105.65749
1758,117.21896
1759,96.70255
1760,106.72566
1761,108.91802
1762,92.36158
1763,107.06027
1764,91.75757
1766,92.523346
1768,96.63735
1769,74.98469
1771,109.59413
1772,92.12336
1773,103.189766
1774,92.31771
1775,110.05672
1777,113.928276
1779,96.70255
1780,109.61416
1787,91.38389
1788,93.22885
1790,96.734886
1796,110.16108
1801,91.73242
1803,92.00349
1807,113.279655
1809,118.52994
1812,94.93021
1813,113.512375
1814,94.51711
1815,111.61086
1816,92.16634
1818,92.227905
1820,92.095795
1821,119.77753
1822,93.220055
1825,93.50933
1826,101.2531
1828,97.6246
1831,102.47435
1836,111.97214
1837,93.36624
1841,91.66242
1844,102.87133
1848,93.0328
1851,106.38316
1852,92.754906
1853,92.72486
1854,110.8739
1856,95.95771
1859,118.14183
1860,95.199814
1861,76.195335
1863,101.90539
1865,98.02765
1866,104.94445
1867,92.23424
1868,91.54849
1872,99.41476
1879,92.0947
1880,102.13753
1882,99.12762
1885,102.42268
1887,104.92284
1888,92.2908
1890,114.81942
1894,95.7631
1895,106.11154
1896,94.94179
1897,109.929634
1900,112.073746
1901,92.84879
1902,115.81
1905,92.172264
1906,110.15841
1912,104.29528
1915,92.26115
1916,103.0075
1917,95.44614
1918,101.91539
1920,76.6801
1923,92.06254
1924,115.765305
1925,96.99541
1930,121.58683
1932,113.03192
1933,90.67956
1934,112.11658
1935,92.90229
1940,74.967766
1941,93.917534
1942,113.03283
1943,94.01321
1944,90.781586
1945,108.70775
1948,121.434685
1949,91.81507
1952,98.714005
1954,91.78548
1955,113.93308
1958,92.53679
1959,76.69248
1960,107.060265
1963,101.96626
1965,91.42115
1968,102.821495
1969,101.01929
1971,96.810295
1972,111.55307
1973,91.68364
1975,92.20371
1977,97.89823
1978,92.15645
1979,111.61523
1981,91.1178
1982,117.79161
1987,119.016624
1988,91.65157
1993,95.99299
1997,92.43129
1999,96.18
2001,94.71081
2002,120.83786
2003,91.39252
2004,76.16745
2006,113.14941
2007,92.20626
2009,109.70251
2010,92.73345
2013,101.4075
2018,77.67441
2022,104.201096
2024,108.15925
2025,97.96988
2026,107.9134
2030,110.12019
2031,92.639336
2032,104.29528
2033,96.66487
2035,91.51107
2036,111.63108
2037,92.3604
2040,96.09224
2043,113.16183
2044,111.82901
2046,102.04282
2054,114.21113
2055,97.20796
2056,109.61416
2059,91.71465
2060,92.84879
2062,89.588234
2063,108.463974
2066,95.7631
2067,114.90744
2072,110.05449
2073,109.69228
2074,95.32805
2075,125.33457
2076,92.79832
2080,91.78114
2082,92.84879
2085,113.393776
2087,111.11565
2091,107.194786
2092,97.163376
2093,109.61416
2098,93.376045
2101,107.06027
2102,92.19736
2103,74.967766
2105,104.735344
2106,95.45115
2107,116.22071
2110,93.84507
2114,98.58201
2115,114.22954
2117,76.71793
2118,94.672844
2119,102.1234
2120,97.434784
2122,95.275055
2123,110.426605
2126,98.25458
2127,110.51406
2128,91.87594
2129,117.85336
2132,106.987625
2135,105.52195
2138,98.91307
2139,121.58683
2141,111.76884
2142,92.82487
2146,100.10969
2151,110.64242
2157,103.89226
2159,112.87272
2162,92.783264
2164,121.21194
2167,91.00714
2168,109.750046
2171,104.11324
2173,93.15936
2174,102.24554
2175,93.19758
2178,92.328674
2180,94.5572
2185,111.36776
2189,92.03397
2190,114.31093
2192,103.30345
2194,113.82863
2200,116.508316
2201,91.324326
2203,109.704254
2204,91.06291
2205,111.836205
2209,112.98802
2213,103.73668
2214,91.13714
2215,111.35414
2216,91.49836
2218,96.002014
2219,103.506996
2220,97.03333
2222,93.01596
2223,121.52608
2225,112.11347
2226,92.55028
2230,92.91741
2233,116.6021
2234,111.39893
2235,91.06291
2236,75.398094
2237,91.811966
2240,119.32613
2241,94.27085
2248,103.88008
2249,92.657684
2250,112.65956
2252,111.0387
2253,96.66068
2254,107.50291
2256,79.378
2258,92.62813
2259,113.712524
2262,96.652824
2265,92.30083
2266,103.448296
2269,91.16021
2271,92.3226
2273,94.00569
2274,111.081604
2275,91.74761
2277,93.087776
2279,91.06291
2280,76.369156
2282,94.5572
2283,101.67472
2288,91.20315
2289,110.17636
2291,98.152306
2292,120.38236
2297,94.9592
2298,102.52705
2299,96.43128
2300,116.71303
2301,90.879265
2304,95.13021
2305,108.61314
2306,96.652824
2308,92.74348
2309,115.96184
2311,90.299065
2312,103.43426
2316,102.85079
2321,102.320465
2322,109.428955
2325,101.154724
2326,91.69488
2329,120.38236
2330,93.071045
2331,101.85218
2332,111.51031
2333,96.652824
2334,101.92528
2335,109.460106
2337,109.33924
2338,100.25257
2340,111.51031
2342,91.894
2345,99.67574
2349,98.0314
2351,77.27872
2352,98.39724
2354,112.9771
2355,113.980804
2357,112.11347
2358,97.419464
2360,95.039734
2361,112.9771
2364,92.68677
2366,93.139626
2369,103.30661
2370,95.18634
2371,115.080055
2373,109.207535
2374,91.99302
2376,111.92554
2378,110.35951
2382,94.73999
2383,91.041245
2386,103.14528
2387,95.02091
2389,95.5772
2390,116.12753
2392,95.27377
2398,111.51031
2399,96.31033
2400,107.157745
2401,112.2365
2402,94.35633
2404,94.6411
2407,112.70489
2408,113.773575
2409,114.02356
2412,74.393196
2413,92.57974
2415,93.39531
2420,108.14564
2422,95.64206
2423,101.73843
2426,94.96021
2432,94.99107
2434,91.42473
2435,95.85097
2436,110.12317
2438,113.10322
2440,112.75765
2443,93.34256
2444,92.649536
2447,103.88008
2450,92.62162
2454,91.185486
2455,108.324585
2459,96.652824
2460,108.9565
2463,90.72344
2465,92.94789
2468,75.031395
2469,90.617004
2474,90.96764
2478,92.08149
2480,93.055145
2481,119.32613
2489,94.5572
2490,109.17489
2492,92.54686
2496,96.652824
2497,117.10317
2500,96.55097
2505,97.68116
2507,91.21873
2508,111.83621
2509,92.88159
2510,79.894356
2513,91.15479
2515,94.5572
2518,91.041245
2519,109.86681
2520,91.041245
2521,111.33475
2523,112.31066
2525,91.38194
2529,112.1795
2530,91.25035
2533,114.19892
2535,91.71145
2538,106.55752
2544,113.027824
2553,118.84385
2556,90.77832
2558,92.318565
2559,111.98568
2560,92.31729
2561,111.760315
2562,91.74028
2563,111.144844
2564,90.79036
2565,116.80807
2567,105.166245
2572,93.09929
2575,96.54838
2576,114.71161
2577,91.53951
2578,96.10529
2579,111.44281
2580,91.87191
2582,109.60647
2583,92.02563
2587,92.12094
2589,113.307495
2590,91.27479
2591,112.1795
2594,91.34722
2597,92.620415
2598,104.88583
2599,94.214905
2600,102.11049
2602,110.955185
2603,93.09929
2604,103.2002
2606,109.08181
2607,75.90141
2608,108.66557
2613,112.25043
2614,101.49937
2615,111.12279
2617,110.73774
2620,97.67706
2623,117.436905
2624,106.28198
2627,112.25041
2629,75.90141
2630,95.75153
2632,93.89303
2636,93.82869
2639,91.72251
2640,103.8168
2642,112.1795
2644,104.82566
2646,108.68858
2647,93.50395
2649,93.35295
2650,104.84784
2652,104.76199
2653,99.85609
2655,110.59993
2657,111.627525
2659,113.15851
2662,91.02647
2663,119.81142
2664,92.15127
2665,102.01194
2670,92.51237
2671,103.54429
2672,92.23928
2675,104.76199
2677,112.9694
2679,116.91939
2683,110.55231
2684,91.92834
2685,95.74215
2688,103.03283
2689,90.71032
2690,101.76939
2693,92.28842
2694,112.08376
2697,98.21282
2699,94.9417
2703,94.4084
2705,102.74363
2709,81.010216
2710,92.31249
2711,109.31434
2712,92.1161
2713,92.828766
2714,113.38849
2715,90.54114
2717,91.48293
2718,108.77345
2720,113.69609
2721,94.082924
2726,92.54121
2728,92.24759
2731,102.35127
2732,113.0367
2734,91.73996
2736,103.0986
2737,93.62853
2738,103.83231
2739,114.85384
2746,94.99172
2749,103.096855
2751,126.58082
2752,106.16436
2753,92.391754
2757,108.68703
2758,98.05042
2759,110.62939
2760,90.868324
2762,107.977394
2764,93.70258
2765,112.43884
2769,116.088715
2771,111.022896
2774,91.62261
2776,91.45869
2777,109.65921
2778,92.82111
2779,113.03836
2782,91.57123
2784,92.30214
2787,95.396034
2789,93.79784
2792,93.71692
2798,93.88845
2799,101.95206
2800,97.85844
2801,80.61332
2802,91.87622
2804,95.50455
2807,102.40266
2808,97.95197
2809,110.079056
2811,120.65015
2812,93.80558
2814,91.8527
2816,93.22937
2817,115.637825
2818,111.19492
2820,108.9806
2821,78.05602
2822,92.51533
2823,103.3758
2824,93.358604
2826,92.98548
2829,92.10011
2834,92.290504
2835,74.97879
2838,93.94488
2839,110.74465
2840,91.384964
2841,111.89694
2842,96.555336
2846,119.18219
2848,94.791534
2849,91.84996
2850,113.38849
2851,94.376076
2853,90.75827
2854,112.1795
2858,111.53507
2861,92.17947
2864,92.65249
2865,119.81142
2866,112.954544
2867,90.96541
2868,112.77072
2870,112.48847
2877,90.99891
2878,112.25043
2880,116.29186
2882,77.43786
2883,102.46094
2884,100.5369
2885,95.346825
2887,94.57716
2888,111.38442
2889,110.77187
2890,104.15705
2891,90.52558
2892,120.59689
2893,91.753746
2898,112.34305
2899,92.79887
2900,126.8545
2901,96.964745
2909,96.8662
2910,111.75089
2911,113.90703
2913,114.518745
2914,93.26097
2918,92.183945
2919,108.80062
2920,91.760414
2921,112.25043
2922,102.638115
2923,108.4142
2925,108.66652
2926,91.19699
2927,111.05739
2929,112.511024
2933,97.47938
2934,110.65742
2936,109.52831
2941,102.82628
2942,92.0573
2943,112.2611
2945,103.64769
2950,93.84856
2951,115.2818
2953,111.719574
2954,95.62005
2955,101.20324
2956,94.845634
2960,94.40097
2962,92.511925
2963,108.83674
2964,103.41656
2966,76.13827
2967,94.169426
2968,110.18578
2969,92.07678
2971,92.11473
2972,95.46864
2974,94.14528
2975,110.66299
2977,124.12068
2980,119.54365
2981,90.76469
2983,92.14411
2984,103.7063
2985,120.40626
2986,104.37975
2987,95.46864
2989,93.38315
2990,112.09269
2991,90.79889
2992,75.03708
2995,98.39848
2996,102.70931
3002,126.20313
3004,110.26544
3005,119.363594
3006,96.950874
3010,102.38995
3011,104.762665
3014,91.378426
3015,91.87234
3016,92.784874
3017,113.40326
3018,91.37894
3021,102.10887
3024,105.010056
3028,92.55708
3030,92.864845
3032,92.3134
3039,94.34454
3040,105.976135
3041,116.00915
3043,91.9448
3044,111.827644
3046,111.60898
3055,91.30385
3056,115.59534
3058,92.3244
3059,113.24371
3061,121.3103
3063,115.32588
3066,92.18616
3067,105.010056
3068,76.04913
3069,93.80506
3072,117.154495
3073,112.08162
3074,91.262184
3077,91.152954
3082,92.96468
3084,98.39848
3085,110.43812
3088,105.018326
3091,90.923164
3092,109.59109
3093,93.72487
3094,102.450424
3096,112.02671
3097,90.874626
3098,78.48617
3102,121.58081
3106,91.46806
3109,96.75631
3111,91.51453
3112,119.363594
3113,92.96365
3115,109.20229
3116,111.412605
3117,97.78928
3121,109.99694
3122,93.40871
3123,97.10571
3124,107.154144
3125,92.784874
3126,101.604004
3127,116.38108
3129,90.90771
3130,112.21975
3132,105.713974
3134,104.16067
3135,92.6204
3137,75.15215
3138,90.9368
3140,92.29028
3144,111.62262
3145,95.02362
3146,111.313644
3147,99.79563
3148,102.05653
3149,102.093544
3150,112.60068
3151,100.546
3152,93.29725
3155,118.6506
3156,114.06076
3159,91.42258
3161,93.30849
3162,106.384125
3163,94.12745
3165,101.37263
3172,95.59159
3173,113.82063
3176,90.43777
3177,105.885895
3179,110.66299
3183,92.01348
3186,95.12378
3187,100.79405
3189,108.52888
3190,110.94203
3192,116.38108
3193,95.59159
3194,110.28956
3197,94.835175
3198,95.17513
3200,91.57179
3201,122.572136
3202,95.17513
3204,97.09939
3205,92.463684
3206,113.38232
3208,104.11468
3210,102.993675
3211,91.17177
3212,121.3103
3213,92.116104
3214,106.59637
3216,104.28047
3219,91.131294
3220,109.20287
3221,92.96365
3226,108.578926
3227,93.43511
3228,113.17342
3229,96.98815
3232,74.94059
3233,93.21868
3234,91.274666
3236,96.353035
3238,111.15289
3239,110.72741
3240,91.36598
3247,107.75277
3249,105.93798
3252,115.48774
3253,119.119255
3254,102.92591
3255,91.754684
3256,117.41808
3257,103.20883
3262,98.93119
3263,104.860466
3264,94.845634
3266,118.2241
3267,93.738365
3269,101.77322
3272,120.40626
3274,94.83517
3275,102.95135
3277,103.118385
3279,113.54344
3280,105.495514
3283,92.64806
3285,94.58112
3287,91.99633
3288,105.010056
3290,104.08412
3291,91.751335
3298,114.04638
3299,92.01178
3302,108.551094
3303,92.080696
3304,104.63375
3307,94.18224
3309,91.19682
3314,76.65953
3316,111.2672
3317,92.44205
3319,91.85171
3320,111.0396
3321,94.77368
3322,104.86248
3324,90.812836
3326,92.55677
3329,114.90629
3330,90.93246
3331,112.07306
3335,120.73219
3337,91.60474
3338,105.89452
3339,100.492195
3340,110.87843
3341,92.36384
3343,91.24043
3346,92.196106
3348,92.70553
3351,105.12692
3352,122.013596
3355,91.33283
3356,116.28396
3358,101.56629
3359,94.02137
3360,108.96336
3371,113.78376
3372,92.772705
3374,93.16619
3377,109.799644
3378,90.69761
3380,102.82851
3382,96.66646
3386,95.69767
3389,115.04389
3391,104.698166
3393,91.98788
3394,104.210724
3395,94.639946
3397,112.859985
3398,95.35132
3399,76.24425
3400,95.25873
3404,100.92735
3407,114.389626
3409,108.59143
3419,100.86136
3421,94.49409
3425,97.33813
3427,77.94536
3428,120.3898
3429,117.27365
3431,90.417854
3435,93.96932
3436,111.29637
3439,92.95087
3441,91.87967
3442,120.3898
3443,99.10377
3444,101.88639
3445,92.8455
3446,115.51776
3449,92.88273
3453,93.945404
3457,94.54837
3460,104.2313
3461,93.926636
3462,92.42631
3464,115.57308
3465,75.98174
3466,93.94928
3467,107.89032
3468,93.714195
3469,103.04772
3470,101.35477
3472,112.63408
3473,93.006
3475,93.45737
3476,113.322014
3478,104.524605
3479,93.053246
3483,92.445076
3484,101.12574
3485,92.428024
3487,92.236885
3488,110.98845
3496,119.11149
3497,91.087425
3499,95.61441
3500,75.06673
3501,96.75597
3504,93.47528
3508,109.041664
3511,91.35665
3512,111.393074
3515,91.8891
3517,94.70006
3518,102.84819
3526,113.7249
3528,120.53061
3529,103.89102
3530,109.77556
3531,93.730606
3532,117.714676
3533,92.01337
3534,92.873314
3535,76.25241
3536,94.57423
3537,112.33515
3538,92.898285
3539,118.51617
3540,104.30628
3545,113.75351
3546,90.81577
3550,103.38565
3551,95.24436
3553,94.07526
3554,104.2313
3557,91.822014
3558,111.619644
3559,92.88273
3561,92.18591
3562,112.859985
3563,93.467
3564,105.12692
3565,92.8455
3567,91.561356
3571,105.12692
3572,102.35259
3574,96.194695
3576,92.330414
3577,114.03514
3578,95.65262
3579,93.73627
3583,91.99823
3585,91.39041
3586,104.03142
3587,110.12049
3593,91.79656
3594,132.45113
3595,94.55199
3599,92.91343
3600,103.46478
3601,112.63408
3602,92.88273
3604,104.22104
3609,121.641754
3610,110.31876
3612,109.217186
3614,113.16779
3615,96.394066
3617,128.0379
3618,110.25171
3619,115.33643
3620,114.84006
3621,94.35248
3625,93.45786
3626,101.54146
3630,102.73938
3631,95.28974
3632,102.621666
3633,93.885445
3634,112.41749
3637,99.280785
3639,92.356384
3640,110.11044
3641,91.21139
3644,119.42328
3645,94.09881
3646,91.92521
3647,90.847565
3648,111.62852
3653,111.68237
3654,109.10957
3655,110.012276
3659,101.26042
3660,99.49248
3662,115.59811
3666,91.43007
3668,93.57895
3671,98.58848
3673,104.09639
3674,115.98535
3675,94.35265
3681,91.78729
3682,111.36117
3686,106.840485
3687,94.780785
3692,76.29601
3695,111.29475
3696,91.71423
3699,114.47633
3705,113.73764
3707,74.927475
3708,96.39687
3709,115.406204
3710,97.902336
3712,91.73408
3715,113.21004
3716,93.84887
3720,112.146774
3722,74.927475
3726,95.36877
3728,91.321045
3729,110.867874
3731,104.662186
3735,111.38323
3736,94.3091
3739,101.89202
3741,113.56192
3743,101.8835
3744,96.88767
3745,111.206726
3746,95.38257
3751,95.06555
3753,92.715546
3760,119.728264
3761,106.22542
3762,111.89873
3763,93.87005
3765,93.19752
3768,120.15513
3769,93.81642
3770,105.82165
3773,110.27921
3774,98.11411
3776,96.31385
3778,93.64662
3779,112.31081
3780,95.40481
3781,120.30816
3782,92.52303
3783,112.120255
3784,101.845825
3786,96.44291
3789,106.60605
3790,91.858795
3793,109.9995
3795,113.89732
3797,92.71438
3798,120.26336
3800,112.55122
3804,97.805046
3810,92.76436
3815,110.6129
3816,97.805046
3818,104.73208
3824,112.90954
3828,103.955795
3830,116.76488
3831,92.296936
3832,75.620766
3834,110.87664
3835,91.74448
3836,114.6786
3838,94.69716
3839,121.37638
3840,112.93347
3845,92.39759
3846,112.90971
3847,95.17662
3849,76.5234
3853,111.39522
3855,109.860374
3856,98.9965
3864,79.59525
3865,94.654785
3866,111.64142
3867,91.573006
3868,112.55122
3869,96.95499
3871,94.15173
3875,104.64437
3876,91.55996
3878,93.387215
3879,112.86182
3881,112.55122
3883,113.999275
3884,92.96388
3886,114.20362
3890,92.469505
3893,108.46991
3897,111.49428
3901,96.933495
3902,107.240074
3913,113.216866
3914,91.62749
3916,90.75012
3917,111.698685
3924,106.04517
3925,93.59386
3928,94.84322
3929,114.635025
3932,95.08889
3933,104.942825
3934,75.41611
3935,92.60061
3936,97.6038
3937,111.97971
3938,91.902885
3939,113.69167
3943,90.82095
3944,110.47464
3945,110.50102
3946,92.78772
3947,115.79498
3948,94.37799
3949,108.556946
3950,93.21543
3951,114.56978
3952,92.3295
3953,110.06219
3961,116.66361
3962,92.02067
3966,92.19295
3967,103.18274
3968,95.51261
3969,113.59754
3970,95.14838
3971,110.09934
3973,91.36359
3974,112.08992
3975,122.40969
3977,93.533264
3979,111.43086
3985,98.69194
3986,101.49079
3988,113.872795
3991,93.47958
3992,102.31939
3993,93.47464
3994,101.66872
3995,113.7893
4005,114.9877
4007,94.09294
4008,102.155075
4009,94.10392
4010,112.6406
4011,76.515564
4012,92.10596
4013,113.237434
4015,123.98503
4016,110.22756
4018,112.78266
4025,93.6795
4026,115.554955
4028,114.680664
4029,100.45249
4031,97.35154
4032,109.63819
4033,92.303566
4034,101.85859
4037,92.10573
4038,108.18308
4039,96.28494
4041,102.05524
4042,113.357315
4043,94.04212
4044,104.942825
4045,100.249344
4046,123.32693
4047,94.92228
4048,103.91663
4049,90.83501
4051,93.185936
4052,111.578735
4058,103.99146
4062,109.864685
4064,112.56179
4067,93.12259
4068,76.23839
4070,92.77355
4072,115.36231
4074,113.99368
4075,89.861786
4076,115.93468
4077,105.753044
4078,115.911224
4080,104.942825
4082,112.12921
4085,95.20338
4086,128.00742
4088,115.554955
4089,93.833534
4092,76.960014
4094,90.77629
4095,114.9163
4096,93.36556
4097,101.70426
4102,90.693665
4105,112.325226
4107,109.02606
4111,97.83794
4112,109.05058
4113,98.75635
4114,114.52675
4115,93.60487
4116,111.87267
4117,97.00004
4118,100.997734
4119,115.33435
4120,97.362206
4122,77.10358
4125,95.13965
4126,116.28154
4129,110.69323
4134,110.79521
4137,90.40321
4141,102.12955
4142,96.32159
4144,94.71176
4145,106.04517
4146,94.76805
4150,97.24038
4151,74.16783
4154,93.12259
4156,96.47855
4157,112.15321
4159,110.22756
4160,112.08973
4161,113.87921
4168,97.18119
4171,102.26912
4172,104.984344
4173,102.258934
4175,92.686615
4176,104.942825
4177,94.71176
4178,102.23851
4179,92.741035
4181,108.7549
4183,100.45249
4184,115.14443
4185,90.46471
4186,110.86927
4188,113.58908
4190,113.06534
4192,93.14197
4193,110.03207
4194,113.23408
4195,90.705414
4196,75.728905
4202,98.96192
4203,106.94174
4208,96.96132
4209,119.67299
4210,90.899254
4211,111.620186
4212,118.7537
4214,102.57394
4215,92.0175
4216,117.29788
4217,93.24274
4219,106.266495
4222,111.97971
4224,75.734215
4231,102.01687
4232,100.45249
4234,90.67599
4236,94.71176
4237,104.472786
4240,92.324394
4242,105.59223
4243,100.140594
4247,94.50788
4248,114.17282
4249,91.834915
4254,99.99537
4263,95.88391
4265,109.72224
4267,110.2591
4268,116.1323
4271,111.93226
4272,99.64719
4273,107.79974
4274,93.668076
4276,93.01796
4278,98.42749
4280,94.99239
4281,107.763016
4283,98.793564
4284,111.338806
4285,99.57513
4286,112.00982
4287,97.489685
4288,115.39859
4289,90.7813
4290,76.018265
4293,90.65745
4296,119.13617
4297,95.88601
4299,91.93455
4303,113.444626
4310,96.21325
4312,105.78661
4318,104.538185
4320,125.95173
4322,92.130615
4323,111.09897
4325,101.49288
4326,110.040855
4328,103.530914
4330,101.98632
4332,108.00339
4333,94.49649
4335,91.52975
4336,111.46318
4338,109.02193
4341,95.18114
4342,102.999306
4344,104.02758
4347,91.913536
4348,105.5656
4351,105.77404
4352,96.7424
4353,109.69281
4355,100.26814
4356,94.94856
4359,101.1866
4360,97.14122
4361,99.1465
4364,95.823746
4365,101.851685
4368,93.97874
4372,96.04344
4374,95.05118
4376,96.13712
4377,100.5313
4380,97.18297
4383,103.679596
4384,98.10262
4385,98.12034
4389,92.231674
4391,99.76018
4392,115.90477
4393,90.75368
4395,91.59517
4396,111.3303
4398,123.06056
4399,117.16151
4401,91.96214
4406,92.07746
4408,102.6102
4412,105.5656
4415,91.829025
4418,117.171234
4419,95.05118
4420,76.44848
4422,110.85636
4423,95.05118
4425,106.810425
4428,118.43132
4431,118.26774
4434,92.34766
4436,99.15729
4437,111.77339
4439,120.850945
4440,91.86282
4441,115.390465
4444,97.37084
4445,102.626175
4446,92.141556
4447,115.163025
4452,108.13185
4456,113.813385
4457,94.06512
4458,116.46661
4460,94.94856
4461,120.011566
4462,100.80454
4465,100.616035
4466,101.62458
4468,98.59025
4469,108.19055
4472,108.530075
4475,93.91564
4478,94.081604
4479,115.32745
4480,91.61454
4483,76.01092
4484,92.621445
4485,102.1901
4486,94.95519
4488,94.36838
4489,102.233284
4490,99.970345
4491,101.33907
4492,93.22455
4493,108.09836
4494,96.64495
4495,101.83608
4498,74.3844
4499,93.220055
4500,100.426
4503,110.722694
4505,101.33437
4506,105.36862
4507,101.22753
4508,104.538185
4510,111.14908
4511,91.365585
4513,96.0619
4516,77.75278
4519,93.02618
4521,94.44498
4531,90.95198
4532,75.93069
4533,91.103935
4534,111.975296
4536,104.538185
4537,94.06512
4539,95.17319
4542,100.731476
4545,90.59205
4549,92.89546
4551,96.57829
4554,101.39256
4556,118.297844
4559,116.46924
4561,116.87872
4562,110.82675
4566,110.3037
4569,94.64278
4570,111.3303
4573,92.07461
4574,99.795815
4575,93.30505
4577,96.92765
4578,112.03293
4580,114.557014
4582,92.697136
4583,110.85636
4585,92.869255
4587,104.538185
4595,95.17279
4596,120.58424
4601,92.59591
4602,110.204384
4603,95.24133
4605,108.25551
4606,91.87104
4607,111.0088
4608,96.92473
4610,94.99236
4613,104.221054
4617,93.4015
4618,112.511955
4619,93.49353
4620,94.41711
4622,96.450836
4625,94.94856
4626,104.538185
4627,100.0167
4629,94.48648
4631,91.190994
4633,104.538185
4634,115.82692
4635,94.21194
4639,94.46602
4640,108.46048
4642,101.15958
4644,111.46914
4646,104.538185
4647,107.710205
4648,76.49638
4649,93.815674
4650,112.205315
4655,92.89546
4660,92.02791
4661,114.33014
4662,90.93175
4663,120.60146
4665,100.656265
4666,109.740036
4667,101.5709
4668,100.360916
4670,91.181404
4671,110.58988
4672,91.73539
4673,101.471664
4675,101.29063
4676,92.86298
4677,110.69878
4680,92.71955
4682,92.662605
4683,116.030495
4685,105.5656
4686,94.41008
4688,113.547485
4690,115.701225
4692,111.64799
4693,93.07939
4697,93.50065
4700,110.47976
4702,110.20215
4707,120.15088
4708,95.859215
4710,80.81872
4716,97.06632
4717,94.39024
4718,93.81292
4720,95.25476
4721,81.14492
4723,94.175964
4726,109.933876
4727,92.79168
4729,91.76525
4731,94.234726
4732,116.88748
4735,92.86597
4736,102.14184
4737,95.25468
4738,108.08779
4739,111.82378
4744,102.356735
4747,93.63228
4749,118.50717
4750,95.859215
4752,109.65707
4755,95.81026
4756,101.95858
4757,111.59088
4758,94.70705
4759,100.306656
4763,94.160774
4764,101.278656
4765,95.83207
4766,104.61117
4767,116.24477
4769,112.85989
4770,93.181625
4771,75.22403
4772,104.33605
4774,112.489426
4776,127.70345
4777,111.52418
4778,98.61152
4780,115.20276
4784,92.99967
4786,97.15602
4787,76.630035
4788,100.13707
4789,109.65707
4791,102.84488
4792,93.67057
4795,112.2912
4796,92.2219
4803,97.29756
4805,95.71058
4807,91.258224
4809,91.682076
4816,100.84024
4817,79.99906
4818,93.28781
4820,95.60488
4821,99.47164
4823,110.47134
4824,91.54874
4825,115.9507
4829,97.35028
4830,98.95672
4831,114.608185
4833,103.801926
4836,96.302
4837,113.547485
4838,93.97122
4840,93.93115
4841,77.496254
4842,91.2994
4843,114.3043
4844,97.37645
4849,106.48021
4851,103.37322
4852,99.99792
4858,92.95916
4860,98.95672
4863,115.79826
4864,95.24922
4865,111.19251
4867,111.278824
4868,106.59853
4869,115.6835
4873,94.91134
4875,97.82311
4876,112.44246
4877,93.07888
4878,110.85435
4880,76.141624
4886,117.34225
4888,103.28135
4889,105.52144
4890,121.60077
4893,94.98088
4895,93.25615
4896,103.44856
4899,91.52124
4901,92.086105
4902,112.97308
4903,98.49654
4904,109.65707
4910,91.72435
4912,92.39603
4915,101.571236
4916,111.39754
4917,94.76621
4920,104.33605
4927,101.46984
4928,93.67509
4931,101.481026
4934,91.099075
4936,103.8319
4939,113.23822
4942,116.31323
4943,103.24142
4944,106.38382
4945,96.520805
4947,110.77092
4948,92.674904
4951,92.253136
4952,109.65707
4953,91.27268
4956,98.49654
4957,121.14432
4958,90.86606
4960,92.10069
4968,90.64668
4969,99.74712
4971,102.32815
4973,112.90954
4975,115.65761
4976,96.99864
4978,92.573105
4979,115.37761
4982,123.90908
4983,111.11561
4984,99.24346
4985,119.619514
4986,95.047424
4987,116.2613
4988,97.36802
4994,98.56848
4995,102.90713
5002,76.90631
5004,95.023254
5005,105.21889
5006,94.868935
5007,102.249466
5009,112.06815
5011,112.90954
5014,95.04231
5015,109.56829
5018,97.040054
5019,113.04343
5020,92.058914
5021,111.87023
5022,96.49587
5023,92.83956
5025,102.422325
5032,94.64647
5034,91.973114
5036,94.31252
5038,93.466934
5039,110.99657
5046,101.96553
5049,113.04343
5051,93.8281
5052,91.86055
5053,112.489426
5054,100.82732
5055,93.529
5057,94.54787
5059,94.61045
5062,114.198944
5063,113.571724
5065,112.51637
5069,96.56293
5071,101.62259
5074,114.10685
5075,91.92933
5076,111.94888
5077,76.246475
5079,107.414925
5080,94.3814
5081,114.27983
5083,106.29295
5088,101.19259
5089,94.273575
5093,113.558525
5094,107.02227
5095,93.833786
5099,114.09952
5101,110.787796
5103,101.48329
5104,91.70701
5105,110.831856
5107,92.620705
5108,112.23809
5109,91.520836
5111,91.86348
5112,111.82951
5113,97.34175
5114,111.79883
5115,111.42236
5118,98.673485
5122,100.870636
5123,77.335754
5125,93.32559
5127,100.72842
5128,95.896675
5129,108.504295
5132,94.77997
5134,112.4858
5135,92.00578
5137,118.79759
5142,94.512115
5143,103.57662
5144,102.469406
5148,92.2714
5149,94.66278
5150,106.13478
5154,76.483826
5155,90.96672
5159,91.6058
5164,92.7793
5165,120.43408
5166,95.48924
5167,111.693825
5169,91.78427
5171,90.15066
5172,109.74482
5176,94.66257
5184,122.61891
5185,91.40359
5186,110.563484
5188,108.70581
5189,112.92796
5190,92.79538
5191,120.43408
5193,110.71385
5196,91.33724
5199,74.91683
5200,101.811226
5203,93.35231
5204,109.814095
5205,92.7544
5207,94.21333
5208,105.731155
5212,109.12283
5214,97.60373
5218,92.098175
5220,91.94641
5222,93.184
5224,95.71322
5225,104.39553
5227,112.30656
5229,104.81272
5232,91.21587
5233,117.719025
5234,102.776405
5237,110.39568
5239,123.7475
5240,98.69928
5241,113.032135
5244,91.363174
5248,112.54822
5251,91.901794
5253,97.340355
5255,97.64325
5256,99.72468
5257,91.22196
5259,94.25616
5260,115.38804
5266,98.940895
5268,96.69815
5275,114.491684
5276,113.13965
5277,91.33685
5279,94.20107
5280,103.93241
5281,94.58588
5283,91.68049
5284,75.26022
5285,102.38144
5286,110.45125
5287,91.55516
5289,94.000206
5290,110.71385
5292,101.08145
5293,94.124954
5294,104.34601
5297,92.52925
5299,112.29408
5302,91.20661
5305,75.06611
5306,100.61195
5308,93.12223
5309,91.94993
5310,116.81996
5312,109.85724
5316,113.20419
5317,95.000336
5319,77.57738
5320,102.361885
5323,94.51127
5329,114.16419
5331,111.963875
5334,116.602715
5336,110.355
5338,102.126076
5341,101.411804
5345,106.502
5348,92.67914
5349,111.62609
5355,105.97899
5356,97.44891
5360,103.93823
5362,113.97152
5364,110.63052
5366,104.60922
5367,92.636826
5368,93.35213
5370,92.2517
5371,76.658226
5373,104.50494
5375,110.39568
5376,93.93148
5378,109.66398
5379,123.52701
5383,93.61547
5384,103.67935
5389,115.41737
5391,76.58496
5393,108.95841
5395,115.52773
5397,113.77475
5398,94.32332
5399,109.87214
5401,120.99426
5402,90.09699
5403,112.99242
5404,91.305244
5407,75.76262
5408,94.31519
5413,109.2318
5414,97.73707
5417,94.97859
5418,101.08145
5420,114.20594
5421,91.26688
5424,94.646965
5425,109.814095
5426,92.73296
5429,112.656624
5431,94.490524
5437,100.20444
5440,92.71286
5444,103.24445
5446,109.156166
5447,92.13875
5451,100.9988
5452,97.52252
5455,102.776405
5456,95.28398
5458,92.09314
5459,116.73374
5460,102.66853
5462,98.66205
5463,111.291824
5464,92.68712
5465,116.66232
5466,102.026665
5467,102.03465
5468,96.956245
5469,120.535355
5472,96.718796
5474,92.637856
5475,108.27162
5476,104.10331
5479,103.86318
5480,111.22553
5482,106.61004
5485,104.48217
5486,119.89659
5488,76.94728
5495,104.81272
5496,121.18838
5497,114.9257
5499,116.44641
5503,94.92142
5504,106.93805
5507,102.29899
5509,93.09315
5511,91.70122
5512,112.59788
5516,107.692215
5517,101.08388
5518,107.218666
5521,95.08753
5522,100.78996
5527,100.272835
5528,93.260666
5529,111.10204
5532,106.04881
5533,110.65201
5535,103.138115
5536,107.99408
5540,93.22811
5547,91.76421
5548,112.01828
5550,76.33307
5551,93.98486
5554,114.67139
5555,95.174736
5559,111.70368
5560,93.21031
5561,119.05324
5562,96.46342
5563,117.436615
5565,75.686104
5566,99.77497
5567,101.97619
5568,94.81636
5572,101.56043
5574,98.99228
5576,101.43827
5579,117.90487
5580,75.0679
5581,95.828094
5583,93.8032
5584,117.55339
5586,115.58525
5587,91.81933
5589,99.48859
5591,99.485146
5592,96.46319
5593,114.02438
5594,94.80234
5595,74.99539
5596,112.971214
5597,105.431046
5598,116.54114
5599,96.72217
5602,111.96446
5603,94.80234
5605,93.653824
5607,90.8491
5608,123.990204
5609,96.61035
5610,91.982544
5612,96.509834
5613,112.746376
5614,92.95264
5616,100.60657
5621,103.89738
5623,94.63064
5628,114.751854
5629,96.24325
5631,96.836975
5633,113.42297
5638,110.63441
5639,96.57213
5640,104.27303
5645,104.636734
5646,77.10001
5649,90.22068
5653,113.87499
5655,117.23944
5656,97.14943
5658,94.34399
5662,116.72165
5663,93.599915
5667,93.50477
5670,96.72217
5671,99.01802
5672,103.472176
5673,99.10891
5674,94.16388
5675,99.44108
5676,96.02366
5679,109.56737
5683,117.9555
5687,94.788635
5688,77.39187
5690,91.07761
5691,115.62996
5692,95.13772
5693,116.08362
5694,98.38911
5697,118.92044
5698,90.35153
5699,111.04765
5704,96.18897
5707,109.56737
5709,106.88137
5710,97.01349
5714,97.94305
5718,94.14383
5721,100.71676
5723,96.07187
5724,112.9338
5725,96.476105
5726,113.611084
5729,104.51229
5730,109.72296
5731,96.61247
5733,78.67606
5736,95.88482
5741,98.31823
5745,112.1773
5747,96.92364
5748,103.418686
5750,119.30654
5751,98.17023
5752,96.285904
5754,95.310104
5755,92.01912
5757,94.14877
5758,117.18651
5760,100.78391
5762,99.6466
5766,112.379906
5768,103.46888
5769,116.64362
5770,94.48775
5771,110.10451
5772,91.18659
5773,122.137184
5774,92.96218
5776,91.136246
5777,111.04765
5778,92.47823
5780,111.20625
5782,93.29681
5783,76.62522
5784,98.874435
5786,92.703636
5788,93.861084
5789,110.02726
5790,96.328804
5791,104.60995
5793,104.212494
5794,97.92935
5796,119.95108
5797,93.35685
5801,93.82931
5803,94.788635
5804,112.652596
5805,97.75092
5806,76.34049
5808,112.42852
5813,96.537506
5815,99.31878
5816,100.78824
5822,93.18271
5823,112.062386
5825,103.62038
5827,118.24753
5829,99.05226
5830,100.45631
5831,111.84442
5832,92.47579
5833,112.42852
5837,120.60571
5838,95.21523
5839,95.871704
5842,104.27303
5844,112.64306
5845,105.977844
5846,114.96578
5848,76.30642
5850,122.107704
5851,98.51447
5853,103.46888
5854,101.81086
5858,104.27303
5860,112.307816
5864,101.15261
5866,95.2651
5867,109.56737
5868,91.971146
5869,113.22711
5870,92.33783
5871,114.8906
5874,122.02953
5876,115.19913
5877,92.3158
5878,90.952934
5879,112.96362
5880,92.76728
5884,93.17361
5886,110.97246
5890,96.246826
5896,92.58695
5897,104.391594
5898,103.46888
5901,104.60911
5903,111.70727
5906,91.982544
5908,110.27338
5909,91.007545
5910,112.746376
5911,94.451065
5912,110.72044
5914,122.02953
5919,112.04853
5924,115.51541
5926,96.756065
5929,101.577385
5930,94.43071
5932,95.72618
5933,122.7151
5934,92.21011
5935,109.147896
5936,98.17615
5937,113.34988
5938,91.046104
5939,109.94763
5942,111.393814
5943,93.79671
5944,107.56956
5946,107.474785
5951,94.338684
5953,98.27853
5954,96.82263
5957,104.410774
5961,104.05761
5962,113.89816
5964,74.752304
5965,97.41402
5968,122.25876
5969,90.36676
5974,94.00084
5975,115.44271
5978,77.52234
5981,107.227196
5982,98.26225
5983,110.411224
5989,113.35526
5991,95.16758
5992,98.45551
5995,110.02673
5996,101.38999
5997,109.203674
5998,91.38539
5999,74.527695
6001,114.752625
6002,91.78008
6003,114.87115
6004,96.82263
6006,110.456436
6007,91.4779
6011,116.89159
6012,101.396484
6014,94.43398
6015,113.029045
6016,92.693985
6017,122.995255
6018,103.48618
6024,96.15322
6025,103.467224
6026,116.08227
6028,114.19045
6029,76.828026
6030,92.24084
6036,122.25876
6040,97.84367
6041,110.18992
6042,92.76577
6044,96.08261
6045,104.536194
6047,101.65598
6048,94.81503
6049,112.64396
6051,116.62474
6052,116.22137
6053,93.5825
6054,114.97984
6058,103.969
6059,99.44373
6062,102.31834
6063,119.82468
6064,107.1177
6065,97.84367
6067,93.47983
6068,111.308495
6070,99.415276
6071,121.00553
6072,111.38346
6080,111.38346
6081,99.30615
6084,112.24139
6087,93.458015
6089,110.25051
6092,111.38346
6094,98.06526
6095,112.70435
6097,112.46798
6100,93.582306
6104,102.59479
6105,96.33401
6106,114.031555
6107,76.10745
6108,94.2053
6109,111.38346
6110,91.83389
6114,111.38346
6116,93.730804
6117,98.95417
6118,98.073204
6123,78.01916
6125,111.351036
6128,111.31251
6130,117.51632
6132,112.52794
6137,77.549164
6139,122.13587
6140,91.19462
6141,111.59617
6142,114.48761
6144,135.12053
6145,95.50963
6146,96.091896
6149,90.84988
6156,107.64679
6159,115.00229
6160,91.19462
6162,101.657745
6164,119.575264
6165,90.98843
6168,76.64418
6169,112.49526
6170,95.002975
6171,119.85983
6172,92.05154
6173,123.378174
6176,104.50162
6177,95.750404
6178,94.465744
6180,94.85857
6181,103.7037
6182,92.0878
6185,92.95226
6186,120.27453
6188,111.27245
6189,92.10027
6192,112.24139
6193,94.65794
6194,104.536194
6195,91.80605
6196,109.52637
6197,98.094894
6201,114.85913
6202,92.48453
6203,122.69315
6204,95.48408
6207,117.87079
6209,122.88956
6210,98.3989
6211,114.41886
6213,114.788445
6216,92.791336
6217,90.1072
6219,96.536674
6222,75.66832
6223,92.57824
6235,102.19051
6240,97.06955
6242,93.97068
6247,94.41828
6251,113.29779
6254,115.70376
6255,92.9497
6260,121.26371
6261,94.4496
6262,106.1915
6264,109.58623
6269,105.63704
6271,104.922066
6275,114.29932
6276,94.775154
6278,121.580765
6279,112.07439
6281,112.00859
6284,95.57884
6286,94.6628
6287,78.80816
6288,92.74132
6292,94.22075
6293,93.619194
6295,93.45157
6298,109.84798
6300,113.384605
6304,102.73872
6308,109.157684
6310,94.12845
6312,111.38346
6320,96.56475
6324,91.42153
6325,118.61753
6330,98.0986
6336,108.76678
6340,107.51922
6341,102.19051
6342,101.21428
6344,94.06095
6345,113.31703
6347,112.02539
6348,111.71802
6349,109.84798
6351,76.83774
6353,113.97916
6354,93.88678
6357,95.968124
6358,100.09502
6360,100.21894
6363,114.57097
6364,91.21408
6368,115.3597
6370,92.83725
6371,91.859085
6377,91.68021
6379,96.169785
6381,95.484665
6382,76.69604
6383,112.03859
6388,112.32833
6390,113.89204
6392,98.53046
6393,98.76737
6395,105.71752
6398,103.647766
6401,76.28779
6402,91.98766
6403,113.559265
6405,119.43747
6406,94.89183
6407,110.26554
6409,100.38757
6411,91.929276
6413,100.646614
6416,103.17408
6417,98.75776
6418,90.27948
6419,119.62499
6420,114.130135
6426,106.49162
6429,95.70707
6430,94.224556
6431,113.559265
6432,121.93139
6434,93.4217
6437,117.331154
6438,97.25447
6439,104.59221
6440,94.99902
6441,92.581474
6442,112.38979
6443,98.23725
6445,97.0258
6448,109.32781
6450,113.17532
6453,92.0351
6455,93.92219
6457,91.16384
6458,108.58142
6461,97.76011
6464,110.90865
6467,94.647316
6469,99.45567
6470,76.50974
6471,91.170616
6473,109.821556
6474,93.47453
6479,96.76457
6481,100.39662
6484,117.25357
6495,100.258705
6496,122.836845
6505,107.94932
6506,96.25501
6508,104.38895
6509,92.36189
6510,103.18699
6512,110.44414
6513,95.80037
6514,111.611855
6515,95.79342
6519,94.03429
6521,97.13618
6523,76.47814
6525,104.12151
6526,105.14356
6528,97.93512
6529,132.85936
6531,103.058495
6533,106.25639
6534,93.60342
6535,106.94752
6536,95.320465
6537,119.04008
6540,91.99068
6541,112.03859
6547,115.360085
6548,112.37596
6551,118.464966
6553,112.10589
6555,111.95423
6556,101.978355
6561,77.66614
6564,95.51739
6565,106.94752
6568,98.61016
6569,112.38979
6573,102.8575
6574,98.38632
6577,112.19289
6579,114.2279
6581,90.77976
6582,112.16188
6585,101.49599
6586,99.25616
6589,102.54219
6590,76.04631
6593,91.394356
6594,124.09948
6595,94.3721
6599,90.7393
6600,93.30026
6601,115.788055
6602,91.23074
6603,109.32781
6604,95.51997
6607,100.183395
6608,99.473
6609,95.01778
6611,92.29722
6613,112.38979
6614,93.15831
6616,97.01384
6617,112.38979
6618,96.70431
6619,102.42429
6621,111.95423
6627,101.3952
6629,115.96327
6631,76.333916
6634,107.95431
6636,96.37283
6638,98.61016
6639,112.38979
6641,111.113686
6642,103.53458
6651,105.91464
6654,79.3593
6657,116.014565
6663,91.20763
6665,107.300606
6666,98.02789
6668,96.32185
6669,110.423386
6670,97.43744
6671,111.04307
6673,91.3772
6675,92.26578
6676,77.006355
6677,94.67388
6679,96.005
6680,125.56235
6681,103.18699
6685,104.51411
6688,102.22075
6689,94.279526
6690,117.14772
6692,112.38979
6693,93.700676
6694,96.82501
6698,118.94842
6699,95.01
6700,113.44193
6701,91.16384
6702,114.41468
6704,94.279526
6707,110.2109
6712,111.11793
6713,127.950485
6715,94.559525
6721,114.93045
6722,96.67627
6723,115.53461
6724,92.713646
6725,119.40105
6731,115.477165
6735,77.79254
6736,93.35883
6737,102.74606
6738,92.62976
6739,100.93549
6741,109.158615
6743,97.94805
6745,96.32185
6747,115.93838
6749,96.261536
6750,101.66001
6751,113.7737
6752,93.31128
6753,112.38979
6755,116.28683
6756,96.622795
6757,101.260635
6759,115.29984
6761,96.39256
6763,91.170616
6764,114.99572
6765,95.05641
6766,116.68786
6768,110.375694
6771,94.279526
6773,96.23749
6774,93.96089
6778,99.82853
6779,96.053375
6781,94.547714
6784,92.90863
6786,99.497086
6787,116.43885
6790,92.514244
6793,106.30375
6795,111.853264
6798,110.58462
6806,109.40122
6807,95.32321
6810,95.643616
6815,112.78346
6816,95.709724
6817,101.42318
6818,96.45445
6819,101.515335
6820,95.7385
6822,96.65477
6823,116.4283
6824,112.526
6825,93.70236
6828,76.80005
6829,115.24357
6831,113.139885
6832,96.37588
6833,111.686714
6834,91.17148
6836,100.11318
6837,111.39235
6838,90.09444
6840,100.412
6843,92.301956
6845,91.056755
6846,94.8007
6847,109.84538
6851,116.996544
6852,93.059784
6853,109.053795
6858,100.53144
6861,110.322975
6863,115.79887
6864,75.83982
6865,94.93555
6866,108.38274
6867,101.92349
6868,101.27909
6869,94.3051
6870,112.526
6874,113.88812
6875,96.02174
6877,110.55824
6878,90.28024
6880,92.25016
6883,107.19618
6884,92.88526
6886,100.2921
6890,99.06161
6893,110.99907
6894,92.11719
6899,110.55824
6900,93.40667
6904,92.28089
6905,111.19682
6906,90.3146
6910,91.673744
6912,98.90308
6913,114.754654
6920,94.32775
6922,93.01636
6923,111.853264
6926,95.18109
6927,114.006256
6928,93.03075
6931,116.37629
6933,97.03312
6936,93.73509
6937,113.21981
6939,113.639084
6941,109.317566
6942,112.95258
6943,98.53721
6944,100.930374
6945,100.36759
6946,109.49664
6947,119.052475
6949,105.990616
6951,106.11456
6953,116.12298
6954,98.58868
6955,113.89437
6963,113.73359
6964,93.8114
6966,93.57586
6968,92.810486
6970,103.683975
6972,110.07049
6976,116.54823
6978,108.38274
6981,108.70805
6985,101.20013
6986,97.54171
6987,115.023735
6989,116.23879
6991,116.4283
6993,117.67974
6994,94.47646
6995,112.33511
6996,91.56954
6997,122.354195
6998,76.587074
7001,113.60499
7003,115.823326
7006,96.107506
7008,110.373474
7010,91.083984
7011,94.016075
7012,113.619
7013,94.84645
7014,110.219315
7017,103.018364
7018,95.75312
7019,90.60842
7023,100.40979
7024,99.34293
7025,92.031654
7026,110.13307
7027,90.92318
7028,115.52238
7030,111.853264
7031,95.68138
7033,114.12517
7036,90.72135
7037,95.619736
7039,102.51509
7044,90.9562
7045,111.39235
7046,104.59739
7049,105.02368
7050,99.11121
7051,103.683975
7054,116.168625
7055,91.523964
7057,94.219894
7060,110.55824
7061,103.46049
7063,91.582344
7064,113.446686
7067,92.25016
7071,92.48737
7074,102.090256
7075,94.39159
7078,111.39235
7079,94.211205
7080,115.52045
7081,94.678345
7082,111.01733
7083,91.23095
7085,110.272964
7092,101.60419
7094,93.19425
7100,92.0883
7101,115.777985
7102,108.38274
7104,109.904816
7105,103.46049
7106,94.69482
7107,105.20693
7108,76.86745
7109,93.680336
7110,113.21981
7112,94.48885
7113,103.26654
7114,104.83814
7116,108.40411
7117,103.53764
7118,105.73463
7120,94.086815
7121,100.22669
7123,100.2297
7124,95.410736
7127,111.76698
7131,99.823166
7132,96.45445
7133,96.68108
7134,111.62707
7135,95.14559
7136,110.73326
7137,95.27285
7141,92.631615
7144,100.52616
7147,111.77208
7148,92.76816
7150,92.02046
7151,94.086815
7152,106.27501
7154,100.0378
7156,102.863205
7157,108.01432
7159,119.56071
7161,99.68954
7163,95.6642
7164,101.10562
7167,76.06115
7169,111.19301
7170,92.87563
7173,95.03452
7174,101.835526
7177,111.85415
7178,100.15968
7179,92.66353
7180,77.06103
7181,112.8082
7182,93.08672
7184,95.92849
7185,125.149666
7186,91.566154
7187,107.405136
7188,97.6701
7189,114.30939
7191,107.01473
7193,113.26437
7197,91.99475
7199,91.96466
7200,111.017334
7201,95.14559
7204,92.299225
7207,111.535675
7209,115.79887
7210,95.43981
7211,105.46336
7213,92.22639
7214,122.354195
7216,115.89565
7217,95.76063
7220,110.11561
7224,111.853264
7225,92.563126
7226,115.89565
7227,97.54738
7234,125.149666
7236,77.31376
7239,103.71318
7240,97.652306
7242,120.176704
7244,113.66229
7245,92.78303
7247,109.018715
7248,91.54463
7249,117.68339
7250,113.20553
7251,91.28907
7252,114.37606
7253,76.134384
7256,96.06778
7260,91.33699
7261,128.11029
7264,98.05734
7269,114.55531
7270,94.10371
7273,109.28787
7279,91.43836
7281,111.83614
7284,91.94403
7285,116.7794
7286,118.473015
7287,94.93001
7289,95.27203
7292,100.57846
7293,108.58927
7296,91.06666
7297,120.33342
7298,92.613686
7299,139.59322
7301,98.59027
7304,121.06265
7306,116.13607
7308,95.27203
7309,97.80575
7312,98.8581
7313,76.134384
7314,91.941124
7316,95.65971
7319,115.26263
7321,101.29796
7323,96.266495
7324,98.16917
7325,94.4491
7328,96.54785
7330,77.30266
7334,95.62382
7337,124.95225
7338,96.89691
7339,105.787125
7341,93.02009
7342,117.2521
7344,120.92231
7345,108.92194
7347,114.024254
7349,111.83614
7350,95.56245
7353,112.49594
7355,110.55514
7356,91.96866
7357,121.27547
7358,106.89218
7360,91.66885
7363,107.50462
7364,96.74073
7366,103.45699
7368,97.84666
7369,112.09622
7370,96.41296
7373,92.720215
7374,120.65286
7375,105.47625
7377,100.33086
7379,92.28435
7380,111.30926
7382,118.80815
7383,95.436226
7385,92.71273
7386,105.73245
7391,93.2512
7394,102.224724
7396,113.20553
7397,92.45765
7399,101.2145
7400,100.427216
7403,78.017944
7405,123.484764
7408,125.74214
7414,115.78878
7416,107.251595
7417,92.39922
7419,91.73477
7420,111.23732
7421,99.1778
7422,95.596825
7423,101.30653
7425,76.451126
7430,105.0574
7432,96.92663
7433,97.55183
7434,119.45748
7436,114.78018
7437,92.77962
7438,101.93724
7440,107.75873
7441,94.50276
7442,114.19551
7445,124.234024
7446,101.95822
7448,119.90373
7450,102.693306
7451,94.3104
7454,130.31058
7455,97.607
7457,115.81204
7459,100.144714
7462,93.0793
7464,94.3104
7465,105.47647
7466,94.47196
7467,113.38423
7469,113.41335
7472,94.28033
7473,113.839584
7479,95.62382
7480,104.374855
7484,108.654205
7491,94.76902
7494,110.770485
7495,99.600044
7501,92.47987
7503,100.15527
7504,102.96806
7505,96.148346
7508,111.17436
7509,94.913536
7510,76.134384
7511,113.53104
7515,101.04364
7516,101.63478
7517,97.14201
7518,99.10269
7519,94.04105
7521,96.602905
7522,102.07008
7524,107.57644
7526,104.25992
7527,96.01053
7528,102.111176
7529,96.87532
7534,108.82536
7537,114.92142
7538,99.19074
7540,93.58745
7541,110.27799
7545,112.082855
7551,114.026596
7553,98.663216
7554,126.35203
7555,96.595116
7561,109.95013
7562,93.1593
7564,97.75552
7565,110.99317
7566,95.50568
7567,114.798256
7569,98.42379
7570,95.35146
7571,104.87965
7572,92.158745
7574,104.68243
7578,121.30757
7579,92.1312
7586,94.62819
7587,74.75799
7590,97.97631
7593,113.839584
7594,96.86231
7595,95.50568
7600,96.291954
7601,99.9547
7602,93.778984
7603,113.052795
7604,95.176956
7606,92.2057
7608,111.37238
7613,78.27243
7615,114.13382
7616,114.35323
7617,114.18737
7618,96.01053
7619,103.71738
7622,119.90329
7623,100.80641
7624,102.65901
7625,99.18948
7626,95.73744
7627,99.99388
7628,76.520966
7631,100.13123
7632,104.439514
7633,102.66738
7634,115.775154
7635,93.28174
7636,122.09644
7637,122.09644
7639,93.99495
7640,76.83004
7644,109.880844
7645,91.82973
7648,100.92637
7649,96.11637
7650,112.490166
7652,105.47647
7653,95.001114
7655,95.21942
7659,112.21401
7662,94.77216
7664,102.482956
7666,95.96193
7668,95.35732
7669,113.754364
7670,91.40067
7672,109.80929
7673,109.08989
7678,91.63848
7679,78.597404
7680,106.46952
7683,93.54037
7685,118.473015
7688,95.456024
7690,116.37999
7692,94.80726
7693,93.56482
7695,124.95225
7696,101.67353
7698,97.14982
7699,114.85169
7702,90.91282
7703,116.2146
7704,95.425514
7707,113.53104
7713,76.66571
7715,106.21984
7717,108.76651
7718,106.166115
7719,117.93743
7721,111.006584
7722,103.732414
7725,98.86577
7727,101.23876
7730,75.69356
7733,92.49526
7735,104.78095
7740,116.21305
7741,114.04872
7742,92.560875
7744,117.20595
7747,96.24843
7750,77.30009
7752,107.48559
7754,120.723755
7756,105.85646
7757,99.407425
7758,109.71015
7760,106.44262
7761,96.2928
7763,120.23835
7765,97.61683
7767,121.947586
7768,94.754326
7771,103.43008
7773,92.46111
7774,113.00875
7776,109.85717
7779,96.00543
7783,91.886696
7786,122.417
7787,94.07871
7789,94.92697
7791,98.1326
7793,97.62045
7794,114.45982
7795,92.94703
7799,77.01968
7800,121.961296
7802,114.63925
7805,112.38273
7807,98.93763
7808,105.46327
7811,105.58402
7817,114.63809
7818,104.35871
7819,94.3358
7822,93.60068
7823,121.33255
7825,110.32227
7828,91.87393
7832,91.42628
7833,78.07033
7834,112.023056
7835,94.02941
7837,97.74222
7840,97.718
7842,92.09345
7843,110.86511
7844,95.72603
7846,96.2928
7850,97.71174
7853,109.79504
7855,115.331535
7858,94.52848
7863,110.001236
7865,109.817894
7866,96.333336
7868,95.98568
7869,113.47341
7871,76.28136
7872,100.12921
7874,105.83237
7877,112.3557
7878,91.61353
7879,113.02299
7881,93.13999
7883,91.87654
7885,97.54317
7886,98.57328
7889,95.886795
7890,106.37522
7891,93.44089
7893,93.93256
7894,104.04164
7896,112.45016
7898,108.455185
7901,91.57129
7902,114.20058
7904,110.494194
7905,98.29648
7906,114.08469
7909,95.93957
7910,101.35226
7913,92.12218
7918,110.23045
7919,95.31106
7923,99.002625
7925,94.51923
7927,92.68167
7930,95.990524
7932,102.449486
7933,90.657684
7935,92.98207
7939,106.36061
7942,93.14212
7943,107.25116
7945,106.35096
7946,97.90471
7948,110.62279
7949,114.08543
7950,92.86733
7951,121.947586
7955,105.21346
7959,96.869095
7960,116.21305
7961,99.63788
7962,102.428345
7964,110.06373
7965,96.08412
7966,109.59735
7967,124.92538
7968,93.732285
7971,102.35551
7974,95.31106
7976,103.46397
7978,113.48784
7982,116.21305
7983,96.385315
7984,100.79643
7986,107.34936
7989,114.08543
7991,114.20058
7992,111.85243
7993,96.822174
7994,107.15303
7995,91.42628
7997,91.21131
7998,100.79643
7999,114.63809
8002,93.54781
8007,91.34222
8009,98.03112
8011,93.02469
8013,100.8989
8015,101.68167
8017,111.25723
8019,118.16401
8023,95.13323
8024,117.153656
8026,117.508575
8027,90.95663
8029,95.41373
8030,116.23782
8031,93.03993
8033,91.78541
8035,97.18238
8036,100.334045
8039,102.0322
8042,91.64583
8044,92.54685
8046,76.5219
8048,120.33466
8049,98.29648
8050,100.82148
8053,92.85733
8054,91.281364
8059,94.728004
8061,94.96323
8062,110.11262
8064,109.321495
8066,104.890335
8067,92.77545
8068,95.01631
8070,93.1848
8071,107.913246
8072,90.12204
8076,91.16174
8080,92.782684
8081,114.6201
8084,117.905136
8087,128.17886
8089,91.04839
8090,112.34586
8091,103.16877
8094,118.134514
8100,91.67971
8101,96.35017
8110,103.652145
8111,114.20058
8112,99.24749
8115,110.51241
8116,95.47708
8118,109.321495
8121,118.12127
8125,109.18709
8127,113.1511
8128,100.52614
8129,115.185684
8131,96.21453
8138,97.93535
8139,99.78049
8140,95.20059
8141,92.46111
8142,124.831764
8143,116.209366
8145,117.508575
8146,89.53411
8148,115.48106
8153,110.836395
8154,91.630325
8155,114.40929
8161,93.130554
8162,116.20429
8163,94.82764
8166,119.458984
8168,111.86545
8170,92.70511
8172,112.605804
8173,95.09603
8176,102.43758
8179,92.464264
8181,93.583435
8182,119.462296
8184,117.71981
8190,106.27575
8191,109.45814
8194,127.249886
8196,124.2419
8198,110.3588
8199,107.98257
8201,111.11376
8202,94.16768
8207,92.19741
8208,110.91247
8211,112.416374
8214,108.153564
8217,92.191826
8218,113.43813
8222,93.99643
8229,102.38974
8231,94.12769
8233,93.09619
8236,92.37575
8238,108.141335
8240,101.72687
8243,105.32102
8246,111.26534
8250,99.61874
8254,92.43556
8256,76.45739
8257,110.83202
8258,92.00453
8260,93.56565
8261,115.08084
8263,116.49902
8264,92.23744
8267,110.80837
8268,92.222374
8271,93.72894
8272,110.91247
8275,92.90289
8276,97.32383
8277,105.21447
8278,120.69516
8279,92.38508
8280,112.4682
8281,102.891464
8282,108.49406
8287,110.99571
8288,93.17665
8289,107.710365
8294,91.66647
8296,94.005
8299,108.19394
8302,101.503426
8308,111.13049
8314,102.044525
8315,96.19667
8316,109.78284
8317,92.75713
8319,116.84063
8320,91.52479
8321,120.33903
8323,94.70174
8325,97.37458
8326,111.01118
8328,111.69464
8330,110.65627
8331,93.521515
8332,109.96698
8334,92.79452
8338,91.81465
8339,98.78594
8341,91.83815
8345,110.61503
8346,92.03969
8347,101.97644
8349,102.53729
8351,103.0674
8352,111.66801
8353,111.69464
8355,114.926605
8358,109.16991
8359,112.023674
8360,91.98995
8361,108.748665
8363,102.541046
8364,91.47473
8365,98.77662
8366,102.42114
8370,115.001915
8372,99.80942
8376,93.42526
8377,110.29408
8379,109.21983
8380,91.96404
8381,118.97442
8386,90.68622
8388,102.686134
8389,94.643456
8391,108.339485
8394,92.43556
8396,102.101265
8398,104.7
8400,110.908226
8401,92.62104
8404,91.83815
8407,94.49528
8408,108.58801
8409,112.477425
8410,103.361
8411,98.59637
8413,100.47766
8414,109.6597
8416,92.3771
