ID,y
1,80.13909975692036
2,95.25464399451937
3,77.8931787664024
4,77.85936372328229
5,114.63775186023324
8,91.4552289320925
10,114.83658914050667
11,94.9266140658969
12,116.25430487780116
14,94.3641522428704
15,115.81466101793788
16,105.65967200160989
17,95.45701207218664
19,94.36171846601493
20,104.17195604023703
21,98.0886420160343
22,116.79863928942225
23,95.47159184513586
26,94.62018893564832
28,95.4457662538262
29,95.47159184513586
33,95.47159184513586
35,93.08916183992253
41,95.30087651310461
42,94.28640342354649
43,115.88223456530116
45,102.7574694230938
46,103.04730997230405
51,94.14074008919818
53,81.60899204643499
55,112.41989563994318
56,94.62424253233547
57,103.16230455291421
58,94.45704622288767
59,103.61179660596116
63,112.49862336211115
64,94.40263045116708
65,105.09722491267442
69,94.2392575265986
71,94.86981935521189
72,104.02852985524558
73,94.70661885275635
76,104.1073354372437
77,104.2585465745878
78,114.78069495348475
82,94.4941571256829
83,105.09722491267442
84,94.32504241665961
85,103.57621568689208
87,111.78596924834162
88,95.30087651310461
89,112.89017151884943
91,95.4101345737094
93,94.9061685966449
94,104.10237959894931
95,95.24992139930453
96,112.4115033059588
97,94.3585495652849
98,111.99522065215021
99,94.45340849949065
101,104.05548011675475
103,112.89017151884943
104,94.03006352482336
105,111.93766449980646
110,95.11240358372751
111,112.36134003691583
113,111.91331910185724
114,94.09362142361229
115,112.42647920145149
117,112.89017151884943
120,94.72065025793293
121,111.99269532256037
122,93.91415259262865
123,112.12619446806818
126,112.05705689482599
132,112.28043313083631
135,104.64523423841092
137,104.49812303330555
138,94.43450606151865
140,94.65591214903469
142,111.84181172108035
144,112.24860047392755
148,93.19830678388226
149,113.41108368925958
155,94.03677726387852
156,111.92075013213068
157,94.3585495652849
162,113.25046967558771
163,94.41847200413767
167,94.74702565945213
172,115.88223456530116
179,111.98073243193537
180,93.98357749581211
181,111.6819119363299
182,94.84572877492019
183,112.89017151884943
185,112.89017151884943
187,112.09138917021662
188,94.3474286100579
189,94.1624794058933
191,94.12775475012043
192,112.6676993479389
193,94.37228940733547
194,112.04744385771662
195,93.6308980606673
196,112.74705933623224
198,94.98726460279315
199,112.19195984892755
201,103.62174978801951
204,94.42683089062021
205,106.27736774532426
206,94.1829659820425
210,94.28838317593696
211,104.05548011675475
216,112.29603241972833
219,116.26133917955897
220,93.59631390600748
221,111.63277100615412
226,111.6819119363299
227,94.36439142040061
228,112.00999115996271
230,111.94804047636896
231,94.3585495652849
235,116.75812720446132
236,94.3781232860891
238,112.2954373269549
242,104.17523786841377
243,95.01090361667815
244,78.90019244078803
245,111.66065941827696
247,114.78165864043146
248,90.5768315641557
249,93.18283178472197
250,111.98695038847833
251,94.3781232860891
253,116.75812720446132
254,93.89267021642902
256,94.64727567442532
257,92.9089848844682
258,112.20472567501929
259,94.50030638767424
262,82.39276195971158
266,94.38254155216711
267,112.80719422392755
272,104.26540017025931
273,112.89017151884943
275,95.34137321114414
276,114.74708985381037
279,94.94343738363057
280,105.09722491267442
283,94.22427739201086
285,111.88291596465021
288,112.89017151884943
289,94.67620083371753
290,103.80563936681602
291,94.5395646738701
292,111.34203003935724
293,111.80287598662287
296,105.20511481186693
297,112.17906617216974
298,114.7435245433285
299,94.59695558759697
304,93.900108876097
305,83.15960366620757
306,94.13527463682766
307,111.65570496611505
311,108.36759572640597
313,111.8430447488299
314,93.69289769230383
316,94.20111264535038
324,94.1394758251516
327,94.67683407346362
329,94.1851767450382
330,112.10812806181818
337,104.37912263017634
338,94.46820192548759
339,105.22086806620396
340,94.30650008007333
343,93.33693792485869
345,115.62081336168788
346,94.36232352852696
347,113.09631012968927
349,110.98782955277005
350,94.35156960088102
352,112.5012249856463
353,94.45427311954992
354,78.88446787293506
357,94.3529457205232
358,112.22947358183771
362,114.11350678496271
364,118.54579546228541
365,104.12530099289566
366,93.79459059521005
367,112.07719849638849
368,94.52763045116708
370,79.22692396595082
373,94.63233919163767
377,94.12190617619055
378,111.6856732278338
382,104.13255942369307
384,112.00439118437677
390,94.95619733924593
392,112.81358765654474
393,112.5642567045015
395,94.6155744819288
396,104.06735274498175
399,78.67041476792184
406,111.8430447488299
408,111.8430447488299
409,94.90709129193584
410,78.34283094213524
412,112.5810455602732
413,93.32700704022992
419,94.85912855262484
420,114.09480713896662
421,93.44344685956585
430,103.23194038841905
434,94.0950753570425
436,94.64543332406132
437,94.51213620909328
438,93.81871893071806
439,112.07288788847833
440,94.35159105779553
443,111.94720887236505
446,94.42443971845634
448,93.84824140662874
452,94.4743707061636
453,103.20205390533087
457,103.37649046297662
458,94.47980729278882
459,113.37240659938067
460,103.25787317229
462,104.28215741150376
464,103.5255740983213
465,116.25430487780116
467,115.27234949994985
471,112.97160004668146
472,78.44076049661962
473,94.50267399845617
475,94.5866667060499
480,94.87251253148142
488,112.88675355009943
490,111.65570496611505
491,103.92891901659507
492,78.8791954977917
493,94.61342850860913
497,93.21090795659697
498,112.44263886504083
499,94.659954991778
500,103.36216176466749
501,94.55147782501538
502,113.20457123808771
506,81.40418866598316
510,111.86465882353693
511,93.97889317570227
512,93.95103825626867
516,94.38353063726103
518,94.0040472894718
519,114.2359890847674
521,92.9163370337454
522,111.78245324770663
526,112.15472840361505
529,94.38381375619022
532,112.02118348174005
533,94.8443987998478
536,114.18088959746271
537,100.41536320744055
539,94.66757161154541
540,103.9105169169857
541,94.26604140087412
543,94.16032791663548
546,112.52251099638849
547,94.2488966015188
548,79.15534884398349
551,94.38351059485814
552,103.62284814787594
556,103.90514547443618
557,94.77740449925486
558,112.07719849638849
559,94.6395412160376
560,106.03608172200796
562,105.9407295491564
566,94.6635164802561
570,112.44263886504083
571,94.51213620909328
572,105.15034196553
573,94.39071016523368
575,116.25430487780116
576,112.42704438261896
577,94.15875356472557
579,93.31569525620287
580,112.03947114043146
581,113.30384774265272
589,111.65570496611505
591,102.86434591514666
593,94.35117966410448
594,103.10170903907832
595,94.4044365042146
598,94.34523392249486
602,111.52449463896662
604,113.02389954619318
606,111.56989894974271
608,93.81618178173349
609,104.06935156414161
610,94.20488803841693
616,112.45998047881037
617,94.391644444903
618,103.54588213246018
620,104.10608845987579
622,112.0716595559588
623,92.34607289716351
624,121.73398064038534
626,112.10314606718927
628,112.00249146513849
629,94.37749428349821
630,111.94996308379083
637,94.04009688183115
638,103.92103285086137
643,95.95274610535455
645,94.87251253148142
646,114.97341103610975
648,95.00566518255974
652,94.28413720779517
653,94.48604367979641
654,112.44263886504083
656,112.97631501250177
657,94.56191365994042
659,94.40542280956552
660,104.7314804800379
663,93.8241385370304
664,112.47490357451349
666,103.26769721587775
668,111.6329388528338
669,94.17858916850014
671,94.4967495920283
675,93.3428507056204
677,94.24790478022973
678,111.43546257989806
679,104.68035846846584
682,94.03602254339958
685,103.28565681060431
687,94.4406706122999
688,94.23093468176106
693,111.86149262480646
696,95.07872005979175
698,94.8012895254694
701,94.86174349447154
704,105.07447003357407
705,116.43425177721522
709,112.17937897734552
710,93.89671872862453
711,103.72219742373247
712,94.76103627630974
714,111.77920960478693
715,89.50882163861553
716,111.61681794218927
717,93.97608673530846
720,115.87607001451991
721,94.12646538244465
724,105.00646200996664
725,94.26127302929208
726,113.0682415872088
728,112.78281067900568
731,94.37190300451496
734,104.2844623429502
738,94.14332306343346
745,111.78007935576349
746,94.14464177189367
751,78.63402564324585
754,93.8384715823037
756,94.20452171789387
758,93.99924253233547
759,112.11068882034178
761,116.49698065905116
766,94.36623612579663
767,111.39537476591974
768,92.42382405683148
769,112.45830201201349
770,96.02551686713005
771,78.81812982396357
772,103.71945607519325
773,94.45169449378392
774,112.08641480498224
776,111.99103974394708
777,94.3551740673391
780,116.04895972399257
782,103.96390741991539
787,102.85677755577166
788,94.6310954762915
792,92.74818013593304
793,112.6338791174021
798,96.3327156470805
800,93.14691857283054
806,111.61681794218927
809,116.09543274931818
811,111.85687684111505
812,93.49408330021399
814,116.38939093737147
816,105.46612082546386
817,94.63497883810791
818,107.71368494787498
820,113.14642762236505
823,94.51970902618726
829,93.61876532456225
830,113.56572994039874
831,93.21327400411974
834,111.90895508818537
839,94.46677182921047
841,79.81196705643177
844,103.97315252849708
845,94.11626499154193
848,94.14775902258137
850,94.18735367533495
851,103.58956872893063
852,94.42401303597538
854,94.55983949227738
855,94.91672322095721
856,103.30587983777036
859,103.09055852313637
861,112.08641480498224
864,94.01787351378078
865,112.09653901152521
866,94.17908085880774
867,93.92141670781461
869,94.56623811741892
871,94.13508214054602
872,111.61681794218927
882,103.1124767134865
883,94.06474088438625
885,94.57178621503837
888,94.78904720822925
893,111.62685059599787
901,111.22099267023009
903,103.93795221972007
904,94.45990909549306
905,103.5656409205973
910,94.96333284398142
911,111.81950043730646
914,113.45248841338068
918,112.61290406279474
921,93.00178883954632
928,94.2877235465183
929,103.51106225920407
932,94.319318521105
933,104.76672576293555
934,94.96333284398142
935,111.62514161162287
937,79.63767494028184
939,94.74690370771415
940,102.86603324691737
941,95.71181718048413
942,103.41005481915514
943,94.60212418123112
944,103.27049382444818
947,111.61681794218927
949,111.89916657500177
951,111.63473176054865
952,94.55815750834276
953,103.93795221972007
954,79.99189029825425
957,112.21113251738458
959,92.73910115644085
960,114.90713448581678
963,116.38939093737147
965,111.61681794218927
967,103.42291724761603
971,94.41607896026929
972,79.10836636222265
973,94.18488283177439
974,112.08812378935724
975,94.32845090635891
978,113.74902233428608
980,112.40697144560724
981,94.78307053132878
984,114.29796265654474
986,94.96333284398142
988,92.42382405683148
989,111.92718171172052
990,103.11432302696306
992,111.22099267023009
996,94.54606412657375
999,112.29888581328302
1000,94.23848508604641
1001,112.09653901152521
1002,92.96122017714808
1003,111.99103974394708
1004,93.09631703778851
1008,112.0277142434588
1009,94.31501448437021
1010,104.62894004015493
1012,113.86249489841444
1013,93.95369069851463
1014,112.49959229521662
1015,95.68606773236553
1016,116.52596472887538
1019,95.35415855267803
1020,112.20348023466974
1021,94.96333284398142
1022,104.60973869740872
1024,94.96333284398142
1025,79.32849688628227
1027,94.57159395237986
1028,104.27226674413856
1029,93.9634173545353
1030,94.21041994306572
1033,112.11683320097833
1036,94.86625937718608
1037,113.0230984597674
1038,93.97832097111242
1042,94.74690370771415
1043,103.73244144134947
1044,94.48166440733547
1045,111.94670533232599
1047,113.46028435548439
1050,94.11087418128392
1051,111.62625550322443
1054,94.47980729278882
1056,94.78307053132878
1057,94.11050962217922
1059,94.33938779183475
1062,101.96588650872181
1063,104.7810465482057
1064,94.78307053132878
1066,94.1159722686636
1070,104.05606997473802
1076,111.94600342802912
1077,101.48430745876854
1078,111.98524903349787
1080,112.62450837187677
1082,110.25334693094672
1083,94.56751247922534
1089,111.16480780741156
1091,94.80002590695972
1093,94.48043947431572
1097,94.76109787507878
1099,94.24313968957293
1101,94.95944185277048
1103,94.09621976622219
1104,111.73901032500177
1106,112.53063630156427
1109,94.38906178778382
1110,112.2678494363299
1111,94.43468732849908
1112,112.15066475925428
1114,94.10871189095599
1116,94.99259228735514
1117,112.50697754912287
1120,94.21250358441631
1124,112.27428101591974
1125,93.84977317452305
1126,111.84168671660333
1134,111.74422883086115
1137,93.3144312109915
1138,112.09100770049005
1144,111.63107728056818
1145,94.35499039825757
1146,93.68144597111242
1148,94.1821343780386
1150,94.59144035199444
1152,103.9868549210752
1153,94.57328920576103
1154,103.96110571453224
1155,94.38542299482353
1157,94.14008702335852
1162,95.0048993131829
1165,112.11954163603693
1166,93.67828399271889
1167,104.12420402943997
1168,94.97397584935251
1169,103.09055852313637
1171,116.8080005565121
1172,94.85829134007517
1173,103.09055852313637
1174,94.43766403724095
1176,94.9460904123408
1177,103.45158147235512
1178,94.35924760040601
1182,112.1810345559588
1186,94.78040285130564
1187,112.6603912633982
1188,93.18163396978056
1189,116.20752143053554
1191,105.72766739549385
1192,95.11418276044853
1197,112.38915680937677
1198,94.00932517865459
1200,78.69636116590843
1201,94.23879026182766
1203,94.7510417694738
1209,116.50235175280116
1214,103.63286554289547
1218,111.86812554376525
1222,94.51375526982633
1226,94.56595598075177
1228,93.61035984017474
1230,93.9920760320575
1232,78.9237682292918
1233,97.03094853458899
1236,112.71394993911437
1238,94.12198257972142
1241,111.63107728056818
1244,104.65885607491668
1246,94.24394936162321
1247,112.28158997588068
1250,112.13174866728693
1251,94.06201284206932
1254,112.51334046416193
1255,94.34602903135891
1256,111.18093834894103
1257,93.72255560776537
1258,94.54435842312401
1259,111.61447571806818
1260,94.61767537131104
1263,111.91474579863458
1267,78.86655564678304
1268,111.22994660429865
1271,95.03971986982353
1272,111.70475434355646
1274,104.42149692642948
1275,95.0048993131829
1276,111.63164185576349
1277,93.9381064325382
1279,93.68144597111242
1281,94.33185100825708
1282,93.18163396978056
1283,111.94058655791193
1285,112.28219269804865
1286,93.51220037603056
1289,112.19566010527521
1296,112.0483441262713
1299,94.47330680707256
1301,94.5777642608511
1306,93.69089879093664
1307,94.26720975645657
1308,93.98228343276025
1313,111.63164185576349
1314,94.51604585859306
1315,112.2678494363299
1316,93.9981287289717
1317,111.73541688017755
1319,93.96144157873371
1323,94.72769899388376
1324,104.2616318472254
1325,94.36626218565578
1328,104.0197798850703
1329,94.33792587800846
1330,111.79305695586115
1331,93.70319913633938
1332,103.92417181560646
1337,94.67253236982353
1338,111.70116852812677
1339,93.00558569097197
1340,111.68113373808771
1343,112.84567688994318
1347,104.17916882994774
1348,94.03061460264797
1349,104.57765695148188
1352,93.66624821720617
1354,95.00398823560565
1359,115.3883328347674
1360,94.74713869114939
1363,111.77457856230646
1364,95.32435604611987
1365,103.78376689245266
1366,95.53303206249521
1372,94.32758957621385
1375,105.12152737125683
1376,94.051740396105
1378,92.68913366460478
1379,112.60487031035333
1380,94.9102780344111
1381,103.09072216003648
1384,113.0799655512383
1387,94.59022727826397
1388,111.26266144804865
1392,78.83010248049507
1394,103.47947925643115
1395,94.51497011396415
1396,111.89182709746271
1398,94.28815244444485
1399,111.89182709746271
1400,94.55070347131121
1401,94.33654828100748
1403,94.3731744171011
1404,110.90883218210075
1406,111.89182709746271
1407,94.12891452767474
1408,112.38010071806818
1410,78.89301820171468
1412,111.91412781767755
1413,94.34781007978447
1415,94.51302016063974
1420,112.38010071806818
1422,111.96990929620665
1423,107.74728387770813
1424,112.38010071806818
1425,94.53745393964775
1426,78.89301820171468
1427,94.74900472113396
1429,94.27205266056555
1430,112.64949463896662
1431,94.92800709546893
1432,103.72979907388626
1434,113.01057862334162
1437,94.42916066183838
1438,103.59283199179544
1440,111.52640961699396
1441,112.03465699248224
1442,94.39063492950757
1444,111.31085633330255
1445,94.57864058300302
1446,103.84547803063157
1448,94.4392110429124
1453,93.7968939691593
1454,111.91412781767755
1455,95.22710542890556
1456,113.46954167249297
1458,111.91412781767755
1459,94.08789433537024
1461,94.10924760040601
1465,94.59022727826397
1466,111.21405457549005
1469,94.72769899388376
1472,93.7968939691593
1474,100.27953568634351
1477,112.58579682402521
1479,113.06031464629083
1482,94.20002858913963
1483,78.87778968314922
1487,94.61131258030954
1488,111.9116482644549
1490,112.1167263894549
1492,111.80426451095533
1494,116.71165656237147
1496,104.15967200477778
1497,94.40037003692944
1499,94.89473695775095
1502,94.77125333555813
1507,111.44377384758144
1508,93.66624821720617
1509,113.19317292265802
1511,94.25271214542883
1512,111.81141327910333
1513,114.57682990221522
1514,107.10881089919246
1518,112.05451630644708
1519,93.2130620329057
1522,112.07272004179865
1524,78.69967995252952
1527,94.39063492950757
1529,91.22338295187365
1532,103.04885908275833
1536,112.25325440459162
1537,116.65457343248866
1539,104.95988351292209
1542,113.11648987822443
1543,94.051740396105
1544,104.07862605917825
1545,80.56530659008286
1550,94.04792569883938
1551,111.7757611184588
1554,106.62030011604907
1556,104.16987225670579
1559,93.72926947495287
1560,78.79949930773827
1562,94.48760640570427
1566,93.45862935468304
1567,112.04135560088068
1569,103.56092115551223
1570,112.53387398776991
1571,111.64084290556818
1574,93.66624821720617
1578,104.073812267753
1580,93.66342534122961
1583,111.77081727080255
1584,93.66624821720617
1585,112.34657715849787
1586,94.72396384944031
1587,112.00737427763849
1588,93.13635610028851
1590,116.98786353258632
1592,103.0294570618124
1596,112.52740966032579
1598,112.2140164285174
1599,94.24938266732318
1604,115.10127732929485
1606,102.93765654690489
1607,94.34781007978447
1608,102.72789852814762
1609,116.39364051012538
1611,94.50812971874521
1613,94.91816119954854
1616,94.61885042210642
1619,111.66878174834162
1620,93.4455527216007
1621,111.95442627959162
1622,94.27657865294094
1625,111.08436547296446
1627,116.39364051012538
1629,112.07427643828302
1634,94.4383999826533
1636,95.048810708605
1638,103.08408197022578
1639,94.94354795225735
1641,95.16084706732536
1643,94.38743715497978
1644,103.3115362614881
1645,116.70630835680507
1646,94.22962157925727
1647,106.98609906624438
1648,94.89251419587956
1652,93.66342534122961
1653,112.31825684599787
1656,94.44409033676928
1658,94.24938266732318
1659,112.20583008818537
1661,94.38418548306586
1663,94.34781007978447
1664,113.42354249052912
1665,94.7014325163079
1666,104.16987225670579
1667,104.26153908970323
1668,79.02176653356426
1669,103.27615444855778
1670,94.48385744306572
1672,112.13382386259943
1674,112.84425782256037
1677,111.9116482644549
1678,93.57893303816257
1679,112.22026490263849
1680,94.44655404295233
1683,103.51187999695054
1686,103.73150940440496
1687,111.99397240655821
1689,112.20814942412287
1690,94.18951787052649
1691,115.89923285631679
1692,112.06011628203302
1693,93.66624821720617
1695,94.18066025306126
1696,93.7968939691593
1697,112.37701844267755
1700,104.16987225670579
1701,94.57733627839909
1702,112.00662659697443
1703,91.00062154218304
1704,112.48466157011896
1706,94.5920381216608
1707,114.8183865457049
1708,94.73879715486393
1710,94.37625595613346
1711,103.51006622813543
1713,103.75945265736178
1717,103.6499282886823
1719,104.073812267753
1720,94.0927909964021
1722,94.11969716086182
1725,102.86296841435146
1726,94.89731308503971
1727,104.21934791175948
1729,111.74161194853693
1730,93.65854252872961
1731,111.71590851836115
1733,104.16987225670579
1734,94.463981218479
1735,111.96990929620665
1738,94.91816119954854
1742,94.68233353373338
1745,112.84425782256037
1747,94.82972427888737
1749,94.24426577891003
1751,94.754925694903
1752,78.60305583133564
1753,104.17101427207155
1754,94.57075284727688
1755,94.57245314403818
1756,104.29406863036468
1758,112.51877259306818
1759,95.12109499189384
1760,104.00156342650754
1761,111.43842743925958
1762,93.76385106144446
1763,111.0798382668963
1764,94.57246894869002
1766,94.2916714670283
1768,94.40286802061672
1769,78.85185878552264
1771,111.65265320830255
1772,94.48488846954663
1773,103.52186548186032
1774,94.86412617505877
1775,112.24924134306818
1777,112.27046631865412
1779,95.12109499189384
1780,106.01280687031516
1787,90.98511098310101
1788,93.8698859989139
1790,95.02815720125065
1796,112.13152741484552
1801,92.88883248183558
1803,93.3065385489069
1807,112.22000550322443
1809,112.8699993997088
1812,94.1751534820425
1813,114.9222454934588
1814,94.57497962008497
1815,113.57638978056818
1816,94.35115691970202
1818,93.75595298627178
1820,94.18887700138586
1821,112.61435816865014
1822,94.49866926952646
1825,94.97607206114407
1826,103.36189233732907
1828,94.59897324128971
1831,103.38473975738165
1836,110.60405917916799
1837,94.64342283018703
1841,100.27953568634351
1844,103.24444634018056
1848,94.79900129432406
1851,104.97228548881495
1852,94.49191280881519
1853,92.98326806013523
1854,111.76810120634943
1856,94.70995346177929
1859,112.86320923857599
1860,94.62118240877018
1861,78.77067953257236
1863,104.63605153417762
1865,95.77074662384351
1866,104.78529665824854
1867,94.4310467741204
1868,91.31620381757367
1872,95.53969358214016
1879,94.27874117109306
1880,104.04722519580235
1882,94.34540081294458
1885,103.51000737567543
1887,103.22429021116693
1888,93.99567854687021
1890,113.99596833281427
1894,94.94960193441182
1895,104.69371618983791
1896,94.48831911107126
1897,112.90295075468927
1900,112.2362332253924
1901,93.72064062973803
1902,112.13487671904474
1905,94.17986409939354
1906,111.25884675078302
1912,104.02051752733726
1915,94.49264999910221
1916,104.49176943762865
1917,94.32737442537174
1918,103.576476687915
1920,81.39175994685519
1923,94.09956907042141
1924,103.80627872479596
1925,95.11214920564518
1930,116.58950995592616
1932,111.89885376982599
1933,94.20354430874946
1934,112.44327210478693
1935,93.80299231430834
1940,78.89301820171468
1941,94.25658186073031
1942,112.80787324004083
1943,94.52133067397119
1944,93.9957794847185
1945,110.87908626318878
1948,116.60665320543788
1949,93.77631749210852
1952,94.42915207621385
1954,93.66624821720617
1955,112.6793255715838
1958,93.80564934240559
1959,79.4280657997065
1960,111.0798382668963
1963,94.6622282294874
1965,94.11191177894017
1968,103.63914769495335
1969,95.13788601438159
1971,94.79422121259697
1972,111.87434815459162
1973,93.75699208661663
1975,92.80627034589398
1977,94.53710404571851
1978,94.55914184401843
1979,111.97945069365412
1981,92.90586446210492
1982,112.06743287138849
1987,112.93224000029474
1988,93.43094228192913
1993,94.4892632842886
1997,94.05900343055453
1999,94.49390121980534
2001,94.91816119954854
2002,112.53770564179467
2003,93.98387258328026
2004,79.11571145907891
2006,112.66885804228693
2007,94.15612001439158
2009,104.2031661756742
2010,94.01740986838135
2013,95.02248217086992
2018,78.86316580708473
2022,104.32925047776439
2024,114.60860108427912
2025,94.31360304638193
2026,104.29817825975167
2030,104.2708482521511
2031,94.38549588926907
2032,104.02051752733726
2033,94.79341433848035
2035,94.04066260348341
2036,113.01855134062677
2037,94.09345177595554
2040,95.18692951009541
2043,112.42496455719677
2044,104.29233205647913
2046,103.1731417237655
2054,111.68444771823866
2055,94.39728330381985
2056,106.01280687031516
2059,93.90013493595617
2060,93.72064062973803
2062,89.83087529240149
2063,111.83331727080255
2066,94.94960193441182
2067,112.36480675714415
2072,96.59046285427635
2073,111.63058899931818
2074,94.26380238836975
2075,112.17040680937677
2076,94.61860426063265
2080,94.42935292995995
2082,93.72064062973803
2085,111.96772431425958
2087,112.36346863799005
2091,115.42746584835913
2092,94.51890688154228
2093,106.01280687031516
2098,94.21975571390917
2101,111.0798382668963
2102,93.75068107465069
2103,78.89301820171468
2105,104.79053042289698
2106,94.6808026334954
2107,111.60907410674005
2110,94.46764158018703
2114,94.3861819501522
2115,112.74680756621271
2117,81.31845857120058
2118,94.49036085888193
2119,104.39709628089037
2120,94.54308029695378
2122,91.61686149457256
2123,111.83821534209162
2126,94.86333589765556
2127,104.89663823362787
2128,93.72553483185132
2129,112.37568329863458
2132,94.55753583924127
2135,104.3064807755674
2138,94.59610532530422
2139,116.58950995592616
2141,112.26769034381641
2142,94.00068694682045
2146,94.33284622904588
2151,112.41142701201349
2157,104.87931742956204
2159,117.28610657744318
2162,94.59416322919853
2164,116.37160681871913
2167,92.52019539687464
2168,111.11726807646662
2171,93.34168799410841
2173,94.46579103681572
2174,105.27003230917825
2175,94.0848443389761
2178,94.27774006857666
2180,94.97548847005635
2185,111.79274415068537
2189,93.88296621120995
2190,112.3896480657379
2192,102.9926681213827
2194,111.43159214694211
2200,112.48001564569458
2201,93.9758006838662
2203,111.68330811552912
2204,93.33504598415917
2205,111.31935547881037
2209,110.38971522238808
2213,103.25525782373103
2214,93.9549615264761
2215,112.49728821806818
2216,94.15447347439354
2218,94.16257246131624
2219,105.64184917160873
2220,94.7130581857783
2222,101.69272804464708
2223,112.36694001250177
2225,112.28837250761896
2226,94.58958547390526
2230,94.4586560030854
2233,112.59284935968321
2234,111.55987977080255
2235,93.33504598415917
2236,78.88637800648115
2237,93.92295606727328
2240,115.94694772824073
2241,94.20815330969074
2248,103.85330119421047
2249,94.18096285078056
2250,112.32262085966974
2252,111.41435669951349
2253,94.05727498806542
2254,112.4413113503924
2256,80.07305437229473
2258,97.70249992834309
2259,113.56605958037287
2262,95.22865466878682
2265,94.2755504323462
2266,104.50409258168514
2269,94.17756622037055
2271,94.69370241185251
2273,93.89637688581882
2274,112.02311371855646
2275,94.39534871853417
2277,94.39640592344875
2279,93.33504598415917
2280,78.79674288297116
2282,94.97548847005635
2283,103.4259056936767
2288,93.14648793622601
2289,111.52118653675777
2291,94.65711685701237
2292,116.25596808580897
2297,94.84751863499704
2298,103.42921753428777
2299,94.34788743194898
2300,111.69225924435523
2301,94.42559668442553
2304,94.33216642149563
2305,103.83927244937684
2306,95.22865466878682
2308,94.71848829383578
2309,112.41928528838068
2311,95.65071335968335
2312,103.12564693225173
2316,103.3510806049421
2321,103.49313660167059
2322,111.48078583769708
2325,103.36730238109817
2326,93.88562989755081
2329,116.25596808580897
2330,94.37475370176907
2331,103.68729582702582
2332,112.4363018132965
2333,95.22865466878682
2334,103.17297360233974
2335,110.82649193780821
2337,111.60978364043146
2338,94.5579940008075
2340,112.4363018132965
2342,102.989065617531
2345,93.85604584175377
2349,94.94709068762043
2351,80.3455861186539
2352,94.69613358064518
2354,111.9833035378924
2355,115.37354989109022
2357,112.28837250761896
2358,94.37043042212076
2360,94.41712052103807
2361,111.9833035378924
2364,94.3048500173982
2366,94.47740907689158
2369,103.58088842242785
2370,94.44114809247978
2371,112.46272240655821
2373,112.50160795345016
2374,94.35136537763603
2376,112.08505677275568
2378,111.80793800340743
2382,94.72628755589548
2383,93.33861639165556
2386,103.34989210277786
2387,94.88311573804705
2389,96.16135518826073
2390,110.47668414134972
2392,93.42670811710852
2398,112.4363018132965
2399,94.57085892244206
2400,100.20958059109276
2401,113.21015595488458
2402,94.52109757599194
2404,96.75881699955204
2407,113.59510760326378
2408,113.02255677275568
2409,113.11781739287287
2412,80.1420746663998
2413,94.69966281863759
2415,94.27787810892983
2420,110.55925946825423
2422,94.48433654507758
2423,102.66209968804938
2426,94.82651065195691
2432,95.43613052894017
2434,93.79629887638586
2435,99.84182851589745
2436,112.16393708281427
2438,110.77350558441549
2440,111.64649628691583
2443,94.32437102994086
2444,93.89586247501867
2447,103.85330119421047
2450,94.3062711982374
2454,94.39776723660057
2455,112.20065735869318
2459,95.22865466878682
2460,111.32169007353693
2463,94.11460845669868
2465,94.46209511961248
2468,78.955350355035
2469,93.90448110378807
2474,93.31651849341748
2478,94.07150815733547
2480,93.73604954777258
2481,115.94694772824073
2489,94.97548847005635
2490,104.0723043084848
2492,93.72865149399584
2496,95.22865466878682
2497,113.30829285674005
2500,94.7507524160944
2505,95.28698901937275
2507,94.34055884371779
2508,111.31935547881037
2509,94.30402084871159
2510,79.1295023911936
2513,93.35733388349163
2515,94.97548847005635
2518,93.33861639165556
2519,111.84593238817305
2520,93.33861639165556
2521,116.11641358427912
2523,112.11354493193537
2525,94.43895505674953
2529,111.34527253203302
2530,94.22438924587792
2533,111.81910902480837
2535,93.9044379144718
2538,104.23017262867751
2544,110.03075236086528
2553,112.16348694853693
2556,93.78069335551186
2558,91.35800527021038
2559,117.66793147360241
2560,94.42799924620266
2561,111.40491913847833
2562,94.03074758328026
2563,111.62787293486505
2564,93.6279486566593
2565,112.6086422063629
2567,104.20848973706461
2572,94.26635209259351
2575,95.3636903433405
2576,114.45001648955255
2577,93.85365653633946
2578,94.48349123212822
2579,113.52404450468927
2580,94.25105656681555
2582,112.13385438017755
2583,94.52266898968975
2587,93.89282758826937
2589,111.54913758330255
2590,95.68547440101048
2591,111.34527253203302
2594,94.0017705582259
2597,94.34731734081552
2598,104.35850312468659
2599,94.57786238476083
2600,103.26319586627147
2602,111.223810108435
2603,94.26635209259351
2604,103.33436634860132
2606,112.50920533232599
2607,78.50161158695087
2608,99.45935933865135
2613,111.37617920927912
2614,94.55485905704992
2615,112.06676148466974
2617,112.07182740263849
2620,94.72261253217022
2623,112.72849701933771
2624,94.65146960496003
2627,111.37617920927912
2629,78.50161158695087
2630,100.98811546185772
2632,94.71626109271344
2636,94.15587341743736
2639,94.66709869107368
2640,104.17839809344102
2642,111.34527253203302
2644,104.29988476891282
2646,115.6457791238299
2647,94.08668561010904
2649,94.52484678038235
2650,107.78382192202159
2652,104.16398236412766
2653,102.82237965365806
2655,109.70569997445284
2657,112.33690606134337
2659,111.90214203886896
2662,93.22691442632353
2663,115.9845377550962
2664,94.45017105814745
2665,102.94998165898036
2670,94.64967893370266
2671,103.27616425059637
2672,94.29350722118662
2675,104.16398236412766
2677,112.53633545927912
2679,113.16912507109552
2683,111.88203858427912
2684,94.46878692458483
2685,94.51485227354641
2688,103.57755382507554
2689,94.83348239871572
2690,103.39615721712133
2693,95.20589733394067
2694,112.09494446806818
2697,98.58698805529636
2699,94.68706985994206
2703,93.48532475529211
2705,103.66727753184637
2709,78.94538866578637
2710,94.67226194151516
2711,112.84763001494318
2712,94.97694577523319
2713,94.63236979824305
2714,112.64532136015802
2715,93.67009343204992
2717,92.80104421064007
2718,111.73442840567085
2720,111.31416171017554
2721,94.67976926573391
2726,94.58503694554392
2728,94.38246701964016
2731,103.09382337997172
2732,111.71161316924005
2734,94.09030194311686
2736,103.42748048064362
2737,93.98668349071787
2738,103.05417630009364
2739,113.89510010771662
2746,94.06807478065218
2749,102.93533322148036
2751,122.68904303698085
2752,104.72204120221247
2753,94.29913877256985
2757,104.17180515437116
2758,94.61957095469128
2759,112.51541565947443
2760,96.45760892637844
2762,111.49327515654474
2764,94.47954269929753
2765,111.3511203846686
2769,112.62857483916193
2771,111.72917603545099
2774,94.36368603735514
2776,93.66472253612326
2777,114.00235705394738
2778,93.79266211411303
2779,111.66625641875177
2782,93.69898840805834
2784,94.77007088865545
2787,93.35131370295593
2789,94.58000624462412
2792,94.34831361982353
2798,94.30060255810068
2799,104.71039504971765
2800,94.89171067413648
2801,79.12181626058342
2802,93.42061223087805
2804,94.04580974849145
2807,103.83443370153469
2808,94.51411301371385
2809,112.92812401521795
2811,115.11128424791835
2812,94.39624851204974
2814,92.90677236005413
2816,94.57620469269116
2817,112.48506014767554
2818,112.8113064675799
2820,112.80405854277521
2821,79.38037967345181
2822,94.70368928929392
2823,104.57311190463417
2824,94.56487504181226
2826,97.5864644669173
2829,93.67101904770678
2834,94.2923638702261
2835,78.95504023809698
2838,94.53302889081962
2839,112.27528809599787
2840,93.68170537052649
2841,112.41591494503882
2842,95.09295062825947
2846,113.42226604288041
2848,94.89052738162587
2849,93.46321979127228
2850,112.64532136015802
2851,94.56277590009697
2853,94.73739219307774
2854,111.34527253203302
2858,112.43167842438427
2861,94.7862397490102
2864,93.80756995102709
2865,115.9845377550962
2866,111.5737347512713
2867,93.59273900089758
2868,116.72310303740412
2870,111.38502930693537
2877,98.99041532286282
2878,111.37617920927912
2880,112.37103699736505
2882,78.68228933364242
2883,95.03937501927439
2884,103.49358074015689
2885,95.25694656897923
2887,95.01909808919697
2888,113.73399781279474
2889,95.16770613476083
2890,103.92422864098313
2891,95.40198746857007
2892,116.4242114940121
2893,94.35164368110924
2898,112.40512513213068
2899,94.17977111539008
2900,113.48484467558771
2901,95.07856314806958
2909,94.89823122044626
2910,113.06172608427912
2911,114.68296479277521
2913,112.68467377715021
2914,95.27228447380216
2918,94.22308461941307
2919,112.56155823759943
2920,93.60704137944853
2921,111.37617920927912
2922,94.26339997853347
2923,103.67410538489798
2925,111.1854930402755
2926,94.38980473576086
2927,111.8995404153338
2929,112.08617066435724
2933,91.8964621513349
2934,111.9029583840838
2936,110.5739207746505
2941,103.61808321559226
2942,94.33958219298
2943,111.60124634795099
2945,103.95235533723852
2950,91.64667104169476
2951,111.49091767363458
2953,112.16431989944559
2954,94.68493436583157
2955,103.64358564525833
2956,95.07521474310661
2960,94.93675203343454
2962,93.97212847125715
2963,104.79011498644326
2964,103.7749519075847
2966,78.48380029174328
2967,94.4106417890194
2968,112.04488038115412
2969,92.93109486981976
2971,93.85934819279211
2972,94.82911653538767
2974,94.6420819064057
2975,112.15982483916193
2977,116.99556922106288
2980,115.82725190215021
2981,93.23185325264805
2983,94.50511128439697
2984,104.80890874243318
2985,116.24185370592616
2986,104.60625679910169
2987,94.82911653538767
2989,94.27427853890507
2990,111.47539185576349
2991,95.40521526606958
2992,78.99439113415545
2995,99.79387434680027
2996,103.37839232476355
3002,112.72562073759943
3004,112.55403565459162
3005,116.21948432116054
3006,94.96277329011784
3010,95.11509675999704
3011,103.12917966500069
3014,94.35196293888586
3015,94.2267461441634
3016,94.42219502463135
3017,111.19820361156457
3018,93.82492271283428
3021,102.94155880741786
3024,104.37245728728425
3028,94.41444929237093
3030,93.79796454331225
3032,94.41688061030786
3039,94.3018033029658
3040,104.50869354425936
3041,95.89625168372532
3043,100.23377937871305
3044,112.40077637724787
3046,112.37535523466974
3055,93.63772788861553
3056,112.9333538918963
3058,93.57245568220554
3059,110.88225497406393
3061,116.72737311510585
3063,108.50020305461001
3066,94.4988186857415
3067,104.37245728728425
3068,78.59351098510265
3069,94.70429776915188
3072,114.7353687205746
3073,112.16685151152521
3074,93.95626224490712
3077,92.81250356122601
3082,95.62123817998258
3084,99.79387434680027
3085,112.3262982278338
3088,104.31383130211594
3091,93.4464121069876
3092,111.82957308712867
3093,94.28561372777048
3094,103.09092421004985
3096,112.61993836455255
3097,93.6362265497257
3098,80.40317957587098
3102,114.66425513414882
3106,93.63404943608916
3109,93.92545524457256
3111,93.64917363224524
3112,116.21948432116054
3113,94.56195615538235
3115,98.27219503201073
3116,111.62714051299005
3117,93.60339748389296
3121,111.1931424050799
3122,94.1943949032881
3123,94.77457138582096
3124,103.90535426927912
3125,94.42219502463135
3126,102.78984307160638
3127,115.4348316111996
3129,94.05921027085131
3130,113.14940308623224
3132,104.46949891942188
3134,104.46191599531346
3135,95.39319416822283
3137,78.94664156773158
3138,95.67306041987817
3140,94.74226855163434
3144,112.06621216826349
3145,94.71162831732536
3146,112.04352997832208
3147,95.18321610022923
3148,104.50626752037766
3149,103.20315135666732
3150,112.11759614043146
3151,93.8720157936001
3152,94.48399477216728
3155,94.12117375431555
3156,112.5498089700213
3159,93.18756459638226
3161,94.90677799197744
3162,103.28041574054438
3163,95.15733308812204
3165,103.00286498196348
3172,91.58292594769756
3173,112.43558167509943
3176,94.22601865538235
3177,104.79416362589907
3179,112.15982483916193
3183,93.95010429846027
3186,94.39928146882878
3187,103.20746318582678
3189,110.94659852080255
3190,94.63739819555826
3192,115.4348316111996
3193,91.58292594769756
3194,111.94578217558771
3197,94.87757234785087
3198,94.37543717560132
3200,94.01405446804588
3201,116.72237586168788
3202,94.37543717560132
3204,95.04686908529072
3205,93.86659338140166
3206,112.43959473662287
3208,103.20699354320755
3210,103.04624172978114
3211,94.36828737470634
3212,116.72737311510585
3213,94.44686658973421
3214,110.96798371367365
3216,103.96640393395188
3219,93.99877783676928
3220,110.57786598192305
3221,94.56195615538235
3226,107.63945990735229
3227,94.9196437592199
3228,112.53921937041193
3229,94.27877533394127
3232,78.97939057720296
3233,94.43207260652409
3234,93.9738359357894
3236,94.51981836205525
3238,111.33790253691583
3239,111.90142487578302
3240,93.81156714449904
3247,112.0140652566424
3249,104.04447279116735
3252,118.00576319623892
3253,94.45541506025322
3254,103.85281123984231
3255,94.15438049039008
3256,112.92465638213068
3257,94.85640759497232
3262,94.41865663740165
3263,104.22008893151047
3264,95.07521474310661
3266,111.52823419253085
3267,94.2420622138624
3269,94.29160093077297
3272,116.24185370592616
3274,94.87757234785087
3275,104.63543214301146
3277,94.78072141417141
3279,94.96440693677752
3280,104.24481197283555
3283,94.60660087519204
3285,94.96920947835713
3287,94.19917037360742
3288,104.37245728728425
3290,104.04484776831208
3291,94.14635999793734
3298,111.4882855325213
3299,94.53984617003078
3302,111.70597057529781
3303,94.20584077855173
3304,104.35204925364962
3307,94.25240095252718
3309,96.84024869905966
3314,79.64372384521008
3316,114.46882294707208
3317,93.49594589753971
3319,94.41917366582243
3320,111.89564179472833
3321,94.48264023347721
3322,103.26211914240389
3324,93.34887549301928
3326,93.1642365159685
3329,112.20202302031427
3330,93.6279486566593
3331,112.19468354277521
3335,116.6570987620785
3337,94.56336075541307
3338,104.3844751381315
3339,94.80170119091318
3340,112.2446331887713
3341,94.83298100529211
3343,94.51237434941618
3346,93.84244145451086
3348,94.34174057527409
3351,104.37722565886628
3352,116.3714542308285
3355,90.89191029950726
3356,113.68562745146662
3358,104.12446889847462
3359,94.65335842649097
3360,111.92754792265802
3371,112.52972840361505
3372,94.52973722227688
3374,95.0487712616613
3377,111.39767884306818
3378,93.4749028532182
3380,103.87698669932684
3382,94.9354568860204
3386,94.57846299347241
3389,112.0633587747088
3391,102.9029323842779
3393,94.05932084259351
3394,103.31983228832473
3395,94.41840836091862
3397,111.42211579375177
3398,95.0038067819697
3399,78.83808103374321
3400,94.6463822989069
3404,103.68209381602605
3407,111.93043946318537
3409,104.62699413781374
3419,94.65889524229641
3421,94.79372201170233
3425,94.17808211132333
3427,78.71444689332543
3428,116.4937686839535
3429,112.42976807646662
3431,93.71760352145216
3435,93.85249875792141
3436,112.5643353372088
3439,94.36137502468651
3441,94.34378422794836
3442,116.4937686839535
3443,94.41865663740165
3444,102.79173275761318
3445,94.32283250030835
3446,111.28511422927937
3449,93.73020789048022
3453,94.45868135018753
3457,94.5689649608938
3460,103.55943085906159
3461,94.6186503839674
3462,93.76752080021399
3464,108.42843334025454
3465,78.61042535277844
3466,94.78940292878971
3467,103.79051677531314
3468,94.45606095072557
3469,104.24390926230325
3470,102.93200082136639
3472,111.46588563017755
3473,91.85507256017902
3475,94.13120884240496
3476,111.73993348174005
3478,103.82286067889024
3479,93.89732908018703
3483,94.40681989783968
3484,103.6343032886823
3485,94.68598909398142
3487,94.19946401394432
3488,111.38625001006037
3496,113.8972210793963
3497,94.33454101285102
3499,94.92800709546893
3500,78.53874082996748
3501,95.30086227937565
3504,94.11996431370798
3508,105.7243047357309
3511,94.02625163344385
3512,111.49942973916947
3515,93.81525029240149
3517,94.31810990509351
3518,103.13092844164453
3526,112.57389496855646
3528,115.13764136362295
3529,94.3516240738509
3530,114.21257447295099
3531,94.15611638126867
3532,112.8036118732617
3533,93.91167938667564
3534,94.32390378721828
3535,78.51035718725242
3536,94.45147817410057
3537,111.7786908059588
3538,94.18852003211703
3539,113.46194886259943
3540,104.94171048857848
3545,112.23174714140802
3546,92.78007100507367
3550,104.73109829474123
3551,94.49371885069485
3553,95.17443360890456
3554,103.55943085906159
3557,94.14635999793734
3558,111.44469880156427
3559,93.73020789048022
3561,93.76984174842562
3562,111.42211579375177
3563,94.69952363987986
3564,104.37722565886628
3565,94.32283250030835
3567,94.29213005529621
3571,104.37722565886628
3572,94.52315645429618
3574,94.76158917527974
3576,94.78975461729641
3577,111.41110657744318
3578,95.01096054597721
3579,94.38974546202297
3583,94.21710752256985
3585,95.13195194217275
3586,103.53669019848098
3587,112.09634827666193
3593,94.89386544431952
3594,111.90980268590539
3595,94.32060976048533
3599,94.31303084179208
3600,104.34268703329934
3601,111.46588563017755
3602,93.73020789048022
3604,94.81968753792864
3609,116.53052710680507
3610,113.67416810088068
3612,111.5268597512713
3614,113.73819397978693
3615,94.22861264952297
3617,95.34399983228533
3618,113.76806305937677
3619,111.78116272978693
3620,111.9652142434588
3621,94.59039090880032
3625,94.43594144590969
3626,102.84527584843349
3630,103.22129818730068
3631,94.48881499966743
3632,104.65100455851993
3633,94.3221890451533
3634,112.4456829934588
3637,94.35690935504621
3639,96.3062716718319
3640,111.72579621367365
3641,94.27733724392479
3644,113.9281048684588
3645,94.33241056212063
3646,93.96651019333893
3647,93.46177770757353
3648,111.20016144804865
3653,112.10916565947443
3654,97.36770742214745
3655,111.54967164091974
3659,103.42428063264154
3660,94.58475674935428
3662,113.08342408232599
3666,94.19339101589745
3668,94.86375868603037
3671,94.79944816449444
3673,94.11509497653029
3674,112.50629090361505
3675,94.2301792624528
3681,93.3680429663626
3682,112.19516419463068
3686,111.07212494902521
3687,93.9912470151045
3692,80.76919763955911
3695,112.41376160674005
3696,94.50833677061672
3699,111.64436005644708
3705,113.76305337009413
3707,78.95148988140218
3708,94.74082657380924
3709,112.39523743681818
3710,94.29896831782739
3712,94.45881777021415
3715,112.02998780302912
3716,94.29319547423
3720,112.35802125029474
3722,78.95148988140218
3726,94.64937302156315
3728,94.51020606051466
3729,114.94466943423006
3731,103.28845211796474
3735,111.74474000029474
3736,94.64866866093709
3739,102.92101683743223
3741,111.79771851591974
3743,103.1689812107567
3744,95.02815720125065
3745,112.14375733427912
3746,94.5203041189607
3751,94.67958874731607
3753,94.58703397520657
3760,112.32236908965021
3761,95.67863507299967
3762,112.1065945535174
3763,94.22547203527668
3765,94.02180969673424
3768,113.39548920683771
3769,94.39163590003392
3770,103.87415494583692
3773,111.43751954131037
3774,95.17667043158318
3776,94.9221219023616
3778,94.00580205021399
3779,112.35947846465021
3780,95.40485151405062
3781,114.40245484404474
3782,94.94532310237
3783,111.99409913115412
3784,94.24106382139797
3786,94.73218246980534
3789,111.50722168974787
3790,94.50250626136204
3793,112.49390839629083
3795,112.03913544707208
3797,94.14574556562431
3798,116.73782538561366
3800,113.2154583840838
3804,95.80004537054802
3810,94.54601259251658
3815,112.31674622588068
3816,95.80004537054802
3818,103.92309866970214
3824,111.6724896340838
3828,104.18169115858944
3830,111.71876954131037
3831,94.93921315619255
3832,78.51891886844501
3834,112.09000062041193
3835,93.92916967534697
3836,112.34711121611505
3838,94.92963580892354
3839,116.59497260241054
3840,114.66291474394708
3845,94.1165515180233
3846,111.83955048613458
3847,94.39289323028882
3849,78.48169076415539
3853,111.6224408059588
3855,105.59225175556907
3856,94.59403689899042
3864,78.96473789920555
3865,96.39918228669987
3866,113.73762177519708
3867,93.14307774601477
3868,113.2154583840838
3869,94.57172072216318
3871,94.26532094753807
3875,103.51511591600914
3876,94.6017232559798
3878,93.77429675121908
3879,111.98238038115412
3881,113.2154583840838
3883,113.28391694121271
3884,93.1675039480831
3886,111.98292969756037
3890,95.3850297598444
3893,112.05232433145463
3897,106.10552855279869
3901,94.34903007971027
3902,111.0798382668963
3913,112.8717312722674
3914,93.36246587896025
3916,91.61511601505774
3917,112.09437989287287
3924,104.29456054162
3925,94.42973768993662
3928,95.27000398655954
3929,112.10921143584162
3932,94.3205534247999
3933,103.81758161551872
3934,78.76963538332916
3935,93.75157782456225
3936,94.29792909833915
3937,111.94794129424005
3938,94.01323308048742
3939,112.25117920927912
3943,92.88552953862822
3944,111.74752472929865
3945,112.06214570097833
3946,94.38634260291781
3947,112.81853150420099
3948,94.20067639380045
3949,111.40398072295099
3950,94.64341965851148
3951,112.6315960793963
3952,93.83183659611242
3953,111.88856171660333
3961,115.24595802707043
3962,93.92893272863606
3966,94.59683774717922
3967,103.17776961344629
3968,94.9652096750361
3969,113.19624941769507
3970,94.78324696363299
3971,103.5913210502566
3973,94.00332927974145
3974,112.2731976418963
3975,113.02888917021662
3977,129.64388892075365
3979,112.70616578154474
3985,94.6000160330232
3986,103.47259128297839
3988,112.23887299590021
3991,94.08067000194833
3992,103.52456845021774
3993,94.7273893383352
3994,95.44018667019432
3995,112.0234124151871
4005,112.4671673684588
4007,93.63652585753078
4008,103.0663728238955
4009,94.17866487523142
4010,118.31134227579057
4011,79.05752467409837
4012,93.98519762408918
4013,105.76475840899076
4015,112.93216370634943
4016,111.53899811797052
4018,112.25618409209162
4025,94.50335817548759
4026,112.79307984404474
4028,114.09898804716974
4029,95.15241658636833
4031,94.51134284029982
4032,112.10419129424005
4033,93.80417919429223
4034,103.67806977640151
4037,94.48974789925663
4038,102.86905043898
4039,94.21245639779193
4041,94.52790510937021
4042,111.87192200713068
4043,94.6492076589087
4044,103.81758161551872
4045,94.02226026649203
4046,112.26015137724787
4047,94.38668794652048
4048,104.12300703845554
4049,94.85058377989407
4051,94.10851330786295
4052,111.55413483672052
4058,103.45339418515971
4062,113.44413422636896
4064,111.84327363066583
4067,93.66143583067532
4068,78.44254442716061
4070,94.29150433569498
4072,116.06457709459804
4074,112.9499783425799
4075,94.86104870112817
4076,112.52653168730646
4077,94.42421071804588
4078,112.94235657744318
4080,103.81758161551872
4082,111.77140473418146
4085,94.39525834259351
4086,111.75777100615412
4088,112.79307984404474
4089,94.43403855499585
4092,79.07559716674328
4094,93.4461630731632
4095,112.34882020049005
4096,94.7247256214246
4097,103.09090205803224
4102,94.80828969753807
4105,123.882130543692
4107,111.94947665158179
4111,94.5879081839021
4112,104.87654072215821
4113,94.97541519685612
4114,113.45356229512359
4115,93.92545430935448
4116,112.24728058867365
4117,94.0084283233511
4118,94.55538618847177
4119,112.67985962920099
4120,94.44480621773033
4122,79.50199872388112
4125,93.9856729712454
4126,114.67274903349787
4129,112.00999115996271
4134,113.4165081887713
4137,94.44781606472557
4141,103.70896087336538
4142,94.9853725129494
4144,94.96338825032979
4145,104.29456054162
4146,94.45182374005324
4150,94.48775768550317
4151,78.67838721446142
4154,93.66143583067532
4156,94.29539532690592
4157,112.56078003935724
4159,111.53899811797052
4160,94.23451275854654
4161,112.3607449441424
4168,95.065716710528
4171,103.50759655791194
4172,105.46129014179917
4173,95.43803060004021
4175,94.47461469764437
4176,103.81758161551872
4177,94.96338825032979
4178,102.51111185714868
4179,94.5078529470857
4181,112.10762452177912
4183,95.15241658636833
4184,113.38850831084162
4185,95.55962469243681
4186,112.07906006865412
4188,115.26398415622694
4190,112.25829743437677
4192,94.12945164738196
4193,111.45340923135697
4194,111.9864544778338
4195,94.42667173155422
4196,78.62861048831806
4202,94.90015065619255
4203,104.04046088023063
4208,93.77545137425486
4209,113.28969239287287
4210,93.67724980412024
4211,111.55830811552912
4212,116.63862799791835
4214,103.75735897813288
4215,94.90117264319798
4216,112.62320374541193
4217,93.9828299432804
4219,94.28955069317195
4222,111.94794129424005
4224,80.43257200969788
4231,103.71126217637507
4232,95.15241658636833
4234,93.43175114689367
4236,94.96338825032979
4237,103.63685823545268
4240,94.41389434537055
4242,105.04719731133659
4243,94.62253281160221
4247,94.37217809819853
4248,113.1473137823746
4249,93.89466148840168
4254,102.61620755832067
4263,94.37457822569485
4265,114.36895417265802
4267,113.38645687698877
4268,112.0491986184588
4271,112.30419587187677
4272,95.02474442657788
4273,112.71373414091974
4274,91.09001257085478
4276,94.47227001460473
4278,94.71528584494385
4280,94.79210317084099
4281,112.97931336455255
4283,94.32975881374901
4284,112.04884766631037
4285,95.1644939179113
4286,111.98650025420099
4287,94.28935034762404
4288,113.35559810211865
4289,93.7119330316593
4290,80.15020070135705
4293,94.17263402042883
4296,111.5791839740655
4297,94.00211431646025
4299,93.66807410141772
4303,112.64123482761366
4310,94.9387204172236
4312,104.26779448439251
4318,104.44117952451518
4320,113.32789277129083
4322,94.90981405056542
4323,114.54614205417616
4325,104.67920346055476
4326,112.01218079619318
4328,103.2227708106951
4330,103.59787721048355
4332,112.09747742705255
4333,94.50559464630444
4335,94.52815370771415
4336,112.7694817986135
4338,105.43143779131498
4341,94.46552717968271
4342,104.26024923598357
4344,103.41136385068705
4347,94.4987847686636
4348,104.13188978202263
4351,107.23049986458005
4352,94.47140884925267
4353,112.2857708840838
4355,103.03549619357457
4356,94.3859047048982
4359,103.11565702918475
4360,94.69006306662354
4361,94.666974771105
4364,94.80163358458157
4365,103.30367459035446
4368,95.01980397046893
4372,95.01595017000065
4374,93.38912571964758
4376,94.738079991778
4377,103.1660279752627
4380,95.03287662478994
4383,104.47913580407453
4384,94.68658406271729
4385,102.97435587109732
4389,94.2860805300576
4391,94.25330899962063
4392,113.3118939309588
4393,94.02216956040209
4395,94.25780082344883
4396,111.8026394753924
4398,112.89616822295099
4399,102.62359414304998
4401,93.42115881108916
4406,94.5066964507925
4408,103.61701173196792
4412,104.13188978202263
4415,94.23738222333915
4418,112.57395600371271
4419,93.38912571964758
4420,78.79940164062023
4422,111.74273346953302
4423,93.38912571964758
4425,94.70683914896776
4428,113.09856195131991
4431,112.24914400998023
4434,93.38217780014818
4436,94.73346494444485
4437,111.88827179961115
4439,116.26133917955897
4440,94.33154409206932
4441,112.78108643584162
4444,94.85762758275095
4445,103.72083706651179
4446,94.39355252989407
4447,112.63870667509943
4452,103.10593886393457
4456,112.12586640410333
4457,94.37337723907788
4458,112.06153534941583
4460,94.3859047048982
4461,116.41970252184413
4462,94.89013549636218
4465,102.6072326650218
4466,103.88834652543969
4468,94.89704103489939
4469,103.36327834147363
4472,111.84341858916193
4475,94.47478715118726
4478,94.20286507207243
4479,114.23050355009943
4480,94.40877056392114
4483,79.0093119970789
4484,94.11644514198031
4485,103.79415864358901
4486,94.78324696363299
4488,94.81615232237453
4489,103.13464624847234
4490,94.756878819903
4491,108.79649480920136
4492,94.64184529318604
4493,107.4413686502501
4494,93.90524839171047
4495,102.78743479050428
4498,78.71056902744837
4499,95.53946202346845
4500,102.77906739074206
4503,114.2152371316424
4505,102.69005737205305
4506,94.53900772806932
4507,94.5330778388624
4508,104.44117952451518
4510,112.15800904326349
4511,93.2606694547807
4513,94.8662318879494
4516,79.75906522879606
4519,95.32416314673779
4521,94.5515488008459
4531,93.92022300362461
4532,78.4361850894332
4533,95.07611313995679
4534,114.48834656767755
4536,104.44117952451518
4537,94.37337723907788
4539,94.50222958870975
4542,102.67737038719437
4545,93.84911400305012
4549,93.52645482121008
4551,94.69941997798364
4554,103.5217289543859
4556,111.67181061797052
4559,112.66765259795099
4561,112.0509076028338
4562,111.88238190703302
4566,111.97530559366166
4569,94.18661268348421
4570,111.8026394753924
4573,94.44511960753078
4574,102.94970855613508
4575,94.00669985029228
4577,94.21246567901929
4578,111.96061371855646
4580,112.93647431425958
4582,93.695608586281
4583,111.74273346953302
4585,94.5194062857233
4587,104.44117952451518
4595,94.22144688663977
4596,112.05684327177912
4601,94.39309041775292
4602,112.42501496367365
4603,95.15666672273503
4605,112.26401185088068
4606,94.24356284955303
4607,113.82004397335913
4608,94.9042549185886
4610,94.89321870823923
4613,103.25079817789941
4617,94.2535787247298
4618,111.84112977080255
4619,94.13779057560461
4620,94.3019253732783
4622,101.12019141207716
4625,94.3859047048982
4626,104.44117952451518
4627,94.67603012605534
4629,89.1652792841007
4631,95.45575048589384
4633,104.44117952451518
4634,115.01628060398085
4635,93.69916318663235
4639,94.50812314756985
4640,104.77644551806154
4642,103.30396241556167
4644,112.24288605742365
4646,104.44117952451518
4647,94.5720440866572
4648,78.88789025822697
4649,94.12346418494906
4650,112.16833161406427
4655,93.52645482121008
4660,94.22714780577297
4661,115.09763764433771
4662,93.82958838364428
4663,112.21288727812677
4665,94.60728566921776
4666,112.26936768584162
4667,103.21638459573745
4668,94.2705049185358
4670,93.96619303969385
4671,110.90516425272406
4672,95.00317167051907
4673,103.5567776621437
4675,103.59080476175308
4676,93.54318545664441
4677,111.46510158646146
4680,94.82410402318064
4682,94.47027372130032
4683,111.7246365457049
4685,104.13188978202263
4686,94.2950265289175
4688,111.93417786650568
4690,113.98952149443537
4692,111.98953675322443
4693,93.79375828800696
4697,93.61765660343664
4700,111.75092743925958
4702,111.85989808134943
4707,116.31968115953944
4708,94.43311539825757
4710,81.53116668085724
4716,103.6099032723323
4717,94.85788698216501
4718,94.05458616026516
4720,94.87587392279411
4721,80.4163281799878
4723,95.31412301267889
4726,112.17177247099787
4727,90.76915168966661
4729,93.53207944639797
4731,94.31844442165917
4732,112.02513550810724
4735,94.28686492642524
4736,103.93599671731948
4737,95.24292465730534
4738,112.17245148711115
4739,111.75462769560724
4744,103.52148205595881
4747,93.76299833067532
4749,112.82500123076349
4750,94.43311539825757
4752,111.84337281279474
4755,94.98648805638376
4756,103.21490260734865
4757,112.1148724465838
4758,94.65009018464909
4759,102.5216106955277
4763,94.8354489328486
4764,103.71466928432798
4765,94.89657211829564
4766,94.49690617619055
4767,112.00475739531427
4769,113.48732422881037
4770,94.5464991113117
4771,78.83306864639653
4772,103.61447359189799
4774,112.0178265481463
4776,112.68956421904474
4777,112.67271088652521
4778,94.67294095762844
4780,94.55320465523033
4784,94.30099530249186
4786,95.26083180250018
4787,78.79278815909248
4788,95.98485184241673
4789,111.84337281279474
4791,103.52274502492477
4792,94.53115628965969
4795,111.89036225371271
4796,93.89010228214758
4803,94.89226903019446
4805,94.96765388717225
4807,94.4566705108511
4809,94.186729969847
4816,94.21664478624535
4817,78.94214897294799
4818,93.31773732587445
4820,94.20085971810443
4821,102.51359220187535
4823,112.21905182890802
4824,94.70584595161705
4825,112.96098755888849
4829,102.81066357152184
4830,95.05028951117302
4831,113.56037753048804
4833,104.43053868298725
4836,94.79908086919463
4837,111.93417786650568
4838,93.93094745240509
4840,94.78052563696451
4841,79.61858771604304
4842,93.1579288563473
4843,113.67435883574396
4844,94.56784613619826
4849,107.06013548469724
4851,104.20324476529237
4852,94.45986461909692
4858,94.07603062687414
4860,95.05028951117302
4863,111.83101319365412
4864,93.90734658445623
4865,112.01152466826349
4867,112.38787507109552
4868,95.24089421329992
4869,112.44627808623224
4873,94.04422368107336
4875,95.08245503851677
4876,112.17927979521662
4877,93.8560694238117
4878,111.63679169707208
4880,78.38373817129951
4886,113.68097352080255
4888,103.59626840945762
4889,94.58557602449284
4890,112.7030072122088
4893,94.66071945902635
4895,94.44676755674953
4896,103.42677522764018
4899,93.86912907658117
4901,94.52244537076118
4902,112.05257844023615
4903,94.39080159939354
4904,111.84337281279474
4910,93.76861943302649
4912,94.06102360783117
4915,94.92103382886737
4916,105.19541889598634
4917,94.34670041807766
4920,103.61447359189799
4927,103.60929841409683
4928,94.55917127723421
4931,103.54479951272964
4934,94.05749304781935
4936,94.62255326446851
4939,113.14462227878553
4942,112.22584961943537
4943,97.58811604925896
4944,103.50376432898943
4945,94.41709366974194
4947,111.8532986550799
4948,94.38498295841711
4951,94.51607297667141
4952,111.84337281279474
4953,93.595909657347
4956,94.39080159939354
4957,112.96850436154273
4958,93.78491508235047
4960,94.25569382843335
4968,94.29114914466282
4969,103.85480801913226
4971,103.16458977871855
4973,112.10053681425958
4975,114.23091553740412
4976,94.33722456092562
4978,94.28222544936182
4979,111.79954957060724
4982,94.9622120383317
4983,111.49166535429865
4984,95.42083031164387
4985,116.51828192858241
4986,91.64838780460852
4987,115.95777290744152
4988,94.92916841527048
4994,94.28827134308179
4995,94.22534596869255
5002,78.90527260453521
5004,94.4595441845266
5005,104.08033218870986
5006,94.9871461849001
5007,103.7997860495316
5009,112.01256226591974
5011,112.10053681425958
5014,94.65363096006985
5015,105.39732319286134
5018,94.0434957169173
5019,112.06895875029474
5020,94.53528388033888
5021,111.57550477080255
5022,94.09289335020657
5023,94.60634406100294
5025,95.54412496039177
5032,94.67470343600294
5034,94.00194157658117
5036,94.41403849867822
5038,94.76414050339753
5039,111.62184337442338
5046,95.41786165257517
5049,112.06895875029474
5051,95.27074142976628
5052,93.56554020939367
5053,112.0178265481463
5054,95.02884328314568
5055,94.6582002310358
5057,94.42643967804273
5059,94.68933402766297
5062,95.4811445835044
5063,112.51411866240412
5065,113.23005623874647
5069,94.17629789122219
5071,96.31139180005877
5074,112.60326050810724
5075,94.1758002191593
5076,112.5569324857515
5077,78.3736292235456
5079,105.56661945750977
5080,94.96041841527048
5081,111.9204144387713
5083,103.561123800458
5088,103.54154385304977
5089,94.45113236185838
5093,111.56180237822443
5094,106.23450604135266
5095,94.86493546244432
5099,111.4261545400301
5101,112.17820405058771
5103,103.00758786837926
5104,94.15212981900336
5105,111.64886902861505
5107,93.85879887638586
5108,112.3298611550799
5109,94.31555039164354
5111,94.75323375014307
5112,111.5513958840838
5113,94.38084380826118
5114,111.8003201394549
5115,94.24291272192545
5118,94.07217422593945
5122,94.93337666937614
5123,78.82480890333144
5125,94.31552671202297
5127,102.93854184787145
5128,94.27827237852688
5129,114.40975379137538
5132,94.9871461849001
5134,112.5600857644549
5135,94.33730100401516
5137,112.12422608427912
5142,94.38902052039828
5143,103.56076134854277
5144,94.60850895939367
5148,94.47776587496779
5149,94.54559873350735
5150,104.28877746056531
5154,78.65095269652844
5155,94.63848411311218
5159,94.49573840378815
5164,94.0611066845266
5165,113.15914582304865
5166,94.49785502699854
5167,112.20531128935724
5169,93.98202122746008
5171,92.8758809415971
5172,112.07011078886896
5176,93.98022573269432
5184,113.44321869902521
5185,94.2580272463662
5186,112.58082245879083
5188,105.71560984942045
5189,112.13581513457208
5190,94.14766752230184
5191,113.15914582304865
5193,112.02440308623224
5196,94.69156357332096
5199,79.62379546772232
5200,103.55500561552913
5203,93.8046809729129
5204,113.42631959013849
5205,94.06846677767294
5207,94.48201535948391
5208,109.15853072012499
5212,94.7756486582451
5214,94.33820127256985
5218,93.7198904901554
5220,94.83279531277245
5222,93.28427925917933
5224,94.77721376439158
5225,103.66793275937846
5227,111.80806695001525
5229,103.57042909726908
5232,93.59389089032757
5233,116.24543189196132
5234,103.14938302128948
5237,111.82780884795099
5239,113.62169463055292
5240,100.23160406967943
5241,112.0887493997088
5244,94.4487920426009
5248,112.80600403838068
5251,93.66344751665619
5253,94.44586411651929
5255,94.59687166425712
5256,103.50700453179488
5257,94.46679917511304
5259,94.99718129584099
5260,112.24345826201349
5266,94.3233697296011
5268,94.33683889187401
5275,111.87800263457208
5276,112.07201050810724
5277,94.93507125714419
5279,95.10827760908134
5280,103.43638063535502
5281,94.36239334627018
5283,95.78476209656549
5284,78.71475739849203
5285,94.32840383002068
5286,103.26689232998808
5287,94.0655630580186
5289,94.8442392554251
5290,112.02440308623224
5292,105.48170226981802
5293,94.96179933568064
5294,102.95369901626927
5297,94.00354374943274
5299,104.32680473351871
5302,94.53621785915917
5305,78.62788045714868
5306,94.66357546064384
5308,94.78509290809359
5309,94.25055420357018
5310,113.05799555866375
5312,112.03425263457208
5316,112.45213746123224
5317,94.24689289869158
5319,78.81534082471816
5320,95.34163320013786
5323,94.87087218960883
5329,112.52988099150568
5331,111.88441895537287
5334,112.26291321806818
5336,112.10615967802912
5338,103.63999219901481
5341,94.45841503413598
5345,96.25109376515456
5348,93.8738719729287
5349,113.7133831887713
5355,104.3067553900992
5356,94.74830411680813
5360,103.1913957120791
5362,111.74573945097833
5364,111.88576172881037
5366,103.90889019945504
5367,94.4710432319288
5368,94.55399106749172
5370,94.50359468671806
5371,78.96960588956296
5373,103.178799581708
5375,111.82780884795099
5376,93.83696857056916
5378,111.83099793486505
5379,95.42523479731958
5383,94.5227766064016
5384,103.1850866467262
5389,112.01497315459162
5391,79.93410998339999
5393,112.12625550322443
5395,112.23602723174005
5397,111.8576931863299
5398,94.06056745643343
5399,114.79535340361505
5401,116.77692603258632
5402,93.6630565432412
5403,114.4751248269549
5404,95.01666372097557
5407,78.63324153079853
5408,93.74752779027048
5413,113.2581174137591
5414,94.6221647289602
5417,94.5764360098444
5418,105.48170226981802
5420,114.04356812529474
5421,93.6308554559757
5424,94.4284620312063
5425,113.42631959013849
5426,95.55956068720405
5429,112.69380616240412
5431,94.86304654427616
5437,102.68965209956548
5440,93.88072058579272
5444,103.91482514749526
5446,104.68377643993165
5447,94.47871946104641
5451,95.42787552405736
5452,110.99285767845902
5455,103.14938302128948
5456,94.4359098701124
5458,94.0450400262882
5459,112.80647706084162
5460,95.05620851124831
5462,94.70567795320378
5463,111.67893647246271
5464,93.92502202091711
5465,112.91480683379083
5466,95.85619160474627
5467,103.50830811868667
5468,94.63545853373338
5469,112.20811890654474
5472,95.54644242462476
5474,94.08483679781935
5475,111.99289897745072
5476,94.83330953070427
5479,103.79810548887065
5480,111.62006043486505
5482,112.69601868681818
5485,93.2720754206168
5486,116.9286060252621
5488,79.32552880586016
5495,103.57042909726908
5496,95.3676252392141
5497,114.00758027129083
5499,114.52084015898615
5503,94.29887761173742
5504,94.24540494688625
5507,95.60429799505974
5509,93.36100303401062
5511,95.0301137589095
5512,112.11961792998224
5516,111.22598694853693
5517,95.26189991773455
5518,104.32486409763615
5521,94.60467970653818
5522,103.3198201649663
5527,95.23101612867205
5528,94.19259110626538
5529,111.48573731474787
5532,96.11861214842108
5533,117.0395779519549
5535,105.69818839296192
5536,104.24744302146092
5540,96.77183397662824
5547,96.60452500519116
5548,113.11579560332208
5550,78.1516573922157
5551,94.26164777869906
5554,112.56090973906427
5555,94.7661187530386
5559,111.85384034209162
5560,97.40778967758959
5561,112.23737000517755
5562,94.40470996461212
5563,115.22404145293146
5565,78.9944568273246
5566,94.73636913569848
5567,103.41957376774363
5568,94.50263522471082
5572,95.02611252351628
5574,94.38890199872978
5576,94.75488250455024
5579,113.13262604765802
5580,79.31215852833844
5581,94.31809968968454
5583,94.42969238716393
5584,111.89700745634943
5586,112.15592621855646
5587,94.62778843937414
5589,102.24801247518494
5591,102.27013933214977
5592,94.002111035535
5593,115.92203949980646
5594,94.8423077585322
5595,78.77027426985148
5596,111.91779755644708
5597,115.34279297881037
5598,116.04800604967616
5599,94.4388832205232
5602,111.9850125222674
5603,94.8423077585322
5605,94.07809980506624
5607,93.49275578556555
5608,112.26353119902521
5609,93.22405340337431
5610,94.01079671658104
5612,94.20615156287874
5613,111.76027344756037
5614,93.92266888647623
5616,95.25030747589429
5621,94.79080673738346
5623,94.2663952608979
5628,112.11795204562512
5629,94.51414168163583
5631,93.7612672495537
5633,95.82906019970224
5638,105.1937224350385
5639,94.8012588838537
5640,103.8405982275948
5645,95.4777412467136
5646,78.54557958863887
5649,95.0506495019367
5653,111.53873108916193
5655,115.94086884550958
5656,94.45995115049953
5658,94.65254335615165
5662,117.25358771471522
5663,93.40902563950365
5667,94.28713960667673
5670,94.4388832205232
5671,101.9705390254779
5672,94.66535813090135
5673,102.80896734800262
5674,94.35258007319848
5675,103.35394151625843
5676,95.0352418880251
5679,111.89167450957208
5683,114.44047211699396
5687,94.70539827366892
5688,78.49334855661539
5690,93.40365369910921
5691,112.8474392800799
5692,91.96128955445587
5693,112.95324834791819
5694,94.51234146638737
5697,112.22536133818537
5698,93.42394110581225
5699,112.18383454375177
5704,94.69233933624585
5707,111.89167450957208
5709,103.05444693498583
5710,94.59246610411282
5714,94.69621824034328
5718,94.8463087108938
5721,94.72869340118726
5723,94.80556976753502
5724,113.10052437839491
5725,94.48430863556226
5726,111.6560101418963
5729,98.70215260931755
5730,103.84802693943303
5731,94.35517350372632
5733,78.48051585325257
5736,93.9366584598514
5741,102.50804687912523
5745,113.14596985869318
5747,94.69510068245975
5748,102.96799199722392
5750,111.63925599150568
5751,94.77665679654243
5752,94.48255598827646
5754,94.23351057166781
5755,94.58885305203026
5757,94.46176094609586
5758,115.69976233629725
5760,103.18938982043102
5762,102.67815172228649
5766,111.94140290312677
5768,95.85518300482536
5769,116.27462195543788
5770,94.80443954993626
5771,112.87089966826349
5772,94.33069218693274
5773,113.05045576316826
5774,94.25591047401156
5776,90.80733083173382
5777,112.18383454375177
5778,93.5387660769326
5780,111.75908855264603
5782,94.26540404887123
5783,80.19715186454343
5784,94.99486958929802
5786,94.74434446104641
5788,94.59670991917673
5789,112.35527466826349
5790,94.35082474884351
5791,103.48788981468542
5793,104.8969979762893
5794,94.38929813363177
5796,116.397211066766
5797,94.32073943814399
5801,94.64793928260531
5803,94.70539827366892
5804,111.71306275420099
5805,94.61810072059359
5806,78.26123948679117
5808,111.85184144072443
5813,94.57094803985913
5815,94.46290559788767
5816,105.37013030830295
5822,95.02909131079264
5823,111.77489136748224
5825,103.70143865306872
5827,111.84628724150568
5829,101.966045312099
5830,95.01652496060493
5831,112.62816285185724
5832,94.33237500219889
5833,111.85184144072443
5837,112.78677528781262
5838,94.08389051551546
5839,94.87966019165466
5842,103.8405982275948
5844,111.91765259795099
5845,104.7169174397097
5846,113.40434212741835
5848,78.2558125841473
5850,112.60171937041193
5851,93.31294606610882
5853,95.85518300482536
5854,103.52041910465769
5858,103.8405982275948
5860,111.86667298369318
5864,102.57092902589793
5866,94.85877034009783
5867,111.89167450957208
5868,93.38534643315947
5869,112.38303803496271
5870,93.93563122778482
5871,112.02671479277521
5874,113.07140778593927
5876,112.12352417998224
5877,93.42103932782757
5878,94.12313885717936
5879,112.05942963652521
5880,92.79629144481467
5884,93.86676557655062
5886,111.54148530058771
5890,103.48705587718732
5896,94.42703477081616
5897,102.47535681333466
5898,95.85518300482536
5901,106.17327692881554
5903,112.00349854521662
5906,94.01079671658104
5908,111.59186982207208
5909,93.96208561954992
5910,111.76027344756037
5911,94.51812211212476
5912,111.67606782011896
5914,113.07140778593927
5919,112.00746583037287
5924,94.51566357641764
5926,94.5531060577261
5929,103.36539148090085
5930,94.47766082486274
5932,94.95607246627381
5933,112.66367005400568
5934,93.87998311794823
5935,112.48564576201349
5936,95.1456548295335
5937,112.21475832882788
5938,94.46628365721014
5939,111.82892711571674
5942,111.72417115263849
5943,94.31258176573391
5944,103.97983582244842
5946,111.24245118193537
5951,91.66104581932856
5953,102.64659245826573
5954,94.53002742484898
5957,105.86391285291882
5961,94.57977927020005
5962,105.7217712463223
5964,78.65225642815972
5965,94.63824173494206
5968,112.48573731474787
5969,94.25146681626202
5974,94.20555572803576
5975,114.8193402200213
5978,79.170409338827
5981,103.66592243543835
5982,94.86653655279335
5983,113.47223328642755
5989,110.84898157970991
5991,94.11662422445426
5992,101.96164081334669
5995,94.48109451974287
5996,102.62038548805089
5997,111.41251038603693
5998,93.80080039548955
5999,78.34849961427705
6001,111.11620759062677
6002,94.20869845395796
6003,111.43233155302912
6004,94.53002742484898
6006,111.51142548613458
6007,94.7022190745628
6011,103.49225936715922
6012,102.99643881514916
6014,94.4003200884232
6015,103.08110815227434
6016,94.46475585019343
6017,112.73111390166193
6018,95.67535709322127
6024,94.82727876938975
6025,104.05366088685511
6026,112.55126900730116
6028,111.26193665556818
6029,78.49048117247631
6030,94.20017216037093
6036,112.48573731474787
6040,94.60693474425534
6041,111.85631989531427
6042,94.63831718015751
6044,94.58126032896908
6045,102.97539438051493
6047,103.0131581658544
6048,94.37478341670709
6049,111.0970730691424
6051,115.59701728014491
6052,111.86247681670099
6053,93.08031402531742
6054,111.63097046904474
6058,103.6462296942639
6059,94.45202505877427
6062,95.11682437837752
6063,116.30476569323085
6064,103.42373493543835
6065,94.60693474425534
6067,94.49906616504748
6068,111.83173035674005
6070,102.35421117164464
6071,104.18822654742692
6072,111.09630250029474
6080,111.09630250029474
6081,94.1668535499852
6084,105.56729126585356
6087,94.33134155567248
6089,105.17154220357597
6092,111.09630250029474
6094,94.05272287477908
6095,111.59309815459162
6097,113.14129586276991
6100,94.44865817075484
6104,102.67408690189617
6105,94.44458122863034
6106,111.32540283769924
6107,78.30803972159421
6108,93.81816298325421
6109,111.09630250029474
6110,93.88735152797727
6114,111.09630250029474
6116,94.14865077086361
6117,102.51437518834669
6118,94.46036099708252
6123,79.13801642753171
6125,111.67104004912287
6128,111.34557536905228
6130,103.611175596122
6132,111.03926514677912
6137,79.2182632426979
6139,112.6218304543963
6140,95.58961944873889
6141,113.56359810886366
6142,103.93011135208374
6144,108.85142848370069
6145,94.53710037720154
6146,94.70911287554347
6149,93.31747116727041
6156,95.05278351565028
6159,112.71649880466444
6160,95.58961944873889
6162,103.01412434115778
6164,111.49791382841974
6165,94.06390169499213
6168,79.16742838987366
6169,111.52223633818537
6170,93.820787201695
6171,111.84213685088068
6172,93.04076922162915
6173,113.18472237644178
6176,97.7822754281822
6177,93.10158738533335
6178,94.12997006690674
6180,94.24282801695736
6181,102.91381753725321
6182,94.22891568458252
6185,93.88224907531003
6186,111.85534333281427
6188,111.42616700224787
6189,94.3387022695623
6192,105.56729126585356
6193,94.33168922689566
6194,102.97539438051493
6195,94.34398667062177
6196,114.67633246569179
6197,93.99852104796628
6201,111.7286648660174
6202,94.09063415821154
6203,111.31290864043146
6204,94.17907066954831
6207,117.514154426141
6209,94.82175071287236
6210,94.54679246454751
6211,111.79245608273413
6213,111.76025055937677
6216,92.83962023481274
6217,93.93751479702024
6219,94.21664543761472
6222,78.31833151427318
6223,94.6084244749893
6235,95.71909641206892
6240,94.55345620723443
6242,94.27309280884216
6247,94.22176230242661
6251,111.38724946074396
6254,112.73161744170099
6255,94.50508743774841
6260,102.88021977760167
6261,94.27488521293492
6262,104.07651852173186
6264,111.95358704619318
6269,102.78417380050072
6271,103.28009715881095
6275,111.58598755888849
6276,94.27405619598193
6278,94.97858298113755
6279,112.91946839384943
6281,110.72214473297802
6284,93.34556259793447
6286,94.24473904884033
6287,79.9189509895183
6288,94.30792366293082
6292,93.71602006464516
6293,94.31709404601315
6295,93.96790679013483
6298,111.3437542825213
6300,111.28595398955255
6304,103.03217996401102
6308,111.13734101347833
6310,94.77821976196716
6312,111.09630250029474
6320,94.2506618852982
6324,93.51116884369259
6325,112.21838044218927
6330,95.02458651833746
6336,111.2114300637713
6340,103.6634589752172
6341,95.71909641206892
6342,102.63958792778669
6344,94.27800117757926
6345,111.8244671731463
6347,112.81610535674005
6348,95.05228495574755
6349,111.3437542825213
6351,78.287000223771
6353,111.9891400247088
6354,94.1331951202319
6357,94.45865471397721
6358,103.31321354248757
6360,102.41403873991547
6363,112.04080960288306
6364,93.27878509465336
6368,111.86086106743497
6370,93.07681190253297
6371,93.23350422335847
6377,93.60384000310452
6379,93.49316042877223
6381,93.19680243386918
6382,78.09103913889078
6383,112.35425881824105
6388,111.06927041492074
6390,110.93468789538949
6392,101.714040295409
6393,93.69668978668238
6395,94.38345786842947
6398,102.25172942137766
6401,78.01601167307047
6402,93.8802863288025
6403,110.75037698230355
6405,93.79785130551701
6406,92.62862392379967
6407,111.42421273669808
6409,102.87715657894034
6411,92.80250019383746
6413,93.64048981690905
6416,103.17614968747745
6417,94.29674929595973
6418,92.99051154673828
6419,116.16270636705897
6420,111.29412393054574
6426,112.85268716296761
6429,94.06398784247514
6430,93.51993012452624
6431,110.75037698230355
6432,94.10570014537109
6434,93.51201284442013
6437,112.69732217273324
6438,93.38739431414669
6439,102.69034048742537
6440,93.94321656251452
6441,92.96976239949942
6442,109.92102364978402
6443,94.80487739325562
6445,93.46893467483389
6448,110.96557168445199
6450,111.07232217273324
6453,93.59448189983212
6455,94.39274996734645
6457,93.84011052182561
6458,110.54931191882699
6461,93.99079360056325
6464,111.23549203357308
6467,93.25418044615094
6469,94.66741725971804
6470,78.42540526155378
6471,94.68209813168889
6473,102.80906149572616
6474,93.4668676855614
6479,93.81920851755544
6481,93.29309393282844
6484,110.98711824485216
6495,104.02474179921745
6496,111.4121582933387
6505,110.4815171190223
6506,93.33469808611935
6508,97.52562885238015
6509,93.742607610877
6510,103.36654580873758
6512,103.49883106580944
6513,93.59887592746003
6514,112.51169900378792
6515,93.50946806102249
6519,94.17701503803835
6521,94.48766821685894
6523,77.95239286584851
6525,104.8831181819827
6526,93.74890090513532
6528,93.7746210619047
6529,110.91639260730355
6531,103.47569414049966
6533,103.71148091068986
6534,93.67663025880358
6535,110.60936288318246
6536,92.75704426122027
6537,111.73897866687386
6540,93.6342188221289
6541,112.35425881824105
6547,93.84182693052594
6548,111.30776528796761
6551,111.20349435290902
6553,110.5732148118934
6555,105.51322174681059
6556,95.02025775863015
6561,77.97485102781312
6564,93.63850318671265
6565,110.60936288318246
6568,93.62743534622061
6569,109.92102364978402
6573,102.17012024772671
6574,94.094004049782
6577,111.1931870408973
6579,112.04261013999243
6581,93.23364734247374
6582,110.69980935535042
6585,105.60707910481659
6586,94.82188046155497
6589,103.28214559428508
6590,78.07225565049131
6593,93.47288487485295
6594,111.90108041247933
6595,93.95656596747514
6599,93.44524038577876
6600,93.30932868541015
6601,110.94834733452481
6602,92.72074123336998
6603,110.96557168445199
6604,93.06413299649842
6607,103.1893715335406
6608,104.86965918170085
6609,93.89789809275075
6611,93.90143317047222
6613,109.92102364978402
6614,93.4976041131342
6616,100.44045757942453
6617,109.92102364978402
6618,93.55523579074128
6619,102.95932298539785
6621,105.51322174681059
6627,102.6837274493985
6629,111.11382607898324
6631,78.09262746451839
6634,94.35806724342947
6636,93.20508472872956
6638,93.62743534622061
6639,109.92102364978402
6641,111.00185708484261
6642,93.8731019969114
6651,114.26826666979335
6654,80.66399563990836
6657,93.61718906936514
6663,93.00455542677025
6665,110.51314858874886
6666,93.40760034367239
6668,93.5589284176944
6669,105.54658508909574
6670,94.14444126663076
6671,94.1684924366534
6673,95.18599152589343
6675,93.05878921792481
6676,78.08975367225733
6677,93.95943665528796
6679,94.13677688882325
6680,111.03733376941292
6681,103.36654580873758
6685,102.84934915346415
6688,93.86693787599108
6689,93.9986191901314
6690,110.73585061511605
6692,109.92102364978402
6693,93.35196078990157
6694,93.86533570313952
6698,116.18547248034022
6699,94.07402779247673
6700,110.55340127429574
6701,93.84011052182561
6702,110.98852090320199
6704,93.9986191901314
6707,110.63482980212777
6712,111.02484445056527
6713,94.02487149892448
6715,93.98351687408473
6721,111.45871773718852
6722,93.31204201366813
6723,112.72845773181527
6724,94.58734198682885
6725,116.29702948717616
6731,112.17527322253792
6735,82.33119626801431
6736,94.05134219146754
6737,103.71273154799184
6738,94.49915731463497
6739,102.38542148886131
6741,103.22263171585033
6743,94.23621825234252
6745,93.5589284176944
6747,110.84271554431527
6749,93.48303422342889
6750,103.16827625766169
6751,114.95015143541835
6752,92.87997931305034
6753,109.92102364978402
6755,116.43378282036466
6756,93.85791771212877
6757,103.06708962507705
6759,110.77466897449105
6761,93.03626249461624
6763,94.68209813168889
6764,115.60354804186366
6765,94.35411063530574
6766,111.18286562034044
6768,110.81791238269417
6771,93.9986191901314
6773,93.88464252902253
6774,94.27931650904031
6778,113.55030276176544
6779,95.21929809264111
6781,92.62687138258386
6784,92.5301116179044
6786,94.01292879352474
6787,111.68175820788949
6790,93.71504898542781
6793,103.54854448381067
6795,109.95472268542855
6798,111.26021890124886
6806,105.88424850775894
6807,93.98084101894989
6810,94.0188925577983
6815,110.61268929919808
6816,93.9501900441017
6817,102.70396098265107
6818,94.18026633924771
6819,102.90227254573722
6820,94.08537898281708
6822,93.71600038776302
6823,114.96113776354335
6824,110.8223145433387
6825,94.21433235451173
6828,78.15913053519961
6829,112.49964943884868
6831,110.26481179675667
6832,93.79272441764331
6833,111.28277139148324
6834,94.98683143898438
6836,95.32524242382394
6837,111.01949624499886
6838,99.12752792997827
6840,102.27184514286267
6843,93.19662696771138
6845,93.41042327113422
6846,93.88246135611988
6847,111.32317666492074
6851,111.68252877673714
6852,94.62901059901125
6853,111.68723611316292
6858,94.28981884673925
6861,111.18287972888558
6863,111.00772691216153
6864,78.3463191535808
6865,97.30764499443717
6866,110.89983682117074
6867,94.87111449523618
6868,102.42003514552101
6869,94.27388663954068
6870,110.8223145433387
6874,110.40120248279183
6875,93.60790507131892
6877,110.82662515124886
6878,94.23921890730281
6880,93.87596030897427
6883,110.7019761033973
6884,94.21773158314048
6886,94.31799547475327
6890,94.60875837758454
6893,110.44875649890511
6894,93.27066276138686
6899,110.82662515124886
6900,93.8781119822894
6904,94.15041446173919
6905,110.69295815906136
6906,93.55468751333751
6910,93.75925681656264
6912,102.89736943274923
6913,111.85037827934903
6920,93.89317056712318
6922,94.06889558854422
6923,109.95472268542855
6926,94.12134712031298
6927,110.40000466785042
6928,93.09026350816907
6931,111.98684266054181
6933,93.45115879314986
6936,93.52406571073999
6937,110.97430734119027
6939,112.8875045586608
6941,93.51869661579036
6942,111.70426021296711
6943,94.13482179406037
6944,102.20109013797986
6945,93.93601647642262
6946,111.14522866687386
6947,115.4239673533871
6949,104.74443563167472
6951,103.25590660114221
6953,112.23150632046605
6954,98.32369209572266
6955,111.34383706531136
6963,110.26548615858655
6964,93.50816264146908
6966,94.14321876808594
6968,93.91570262809253
6970,102.72769082826883
6972,110.64667292492476
6976,111.32834361405935
6978,110.89983682117074
6981,103.05949079087085
6985,103.49063343539606
6986,93.8306348790691
6987,111.4542926883604
6989,110.61764077624886
6991,114.96113776354335
6993,113.09703666414887
6994,93.84831901258755
6995,110.66468362292855
6996,94.09219671567263
6997,111.40613870105355
6998,78.32950249167479
7001,110.43669740126234
7003,111.16187830822554
7006,94.03448589996191
7008,105.81559916604036
7010,92.570648185685
7011,94.1451132609233
7012,114.18285464122698
7013,93.55194351835718
7014,111.23433724402446
7017,104.33489852062397
7018,94.09296317762661
7019,91.65605925746235
7023,94.18514507361326
7024,102.84798829114146
7025,93.69596080680347
7026,111.17498330554574
7027,94.01626588247814
7028,112.9387190982309
7030,109.95472268542855
7031,93.25765750205204
7033,111.9990952440223
7036,94.02936008709517
7037,93.98885003355153
7039,94.08008475965786
7044,93.2777786388258
7045,111.01949624499886
7046,95.47337001535567
7049,104.33704117438063
7050,94.70165066682861
7051,102.72769082826883
7054,109.98684266054181
7055,94.85610435074233
7057,94.00702121990767
7060,110.82662515124886
7061,95.77220328516393
7063,92.5702155297231
7064,110.56942025183696
7067,93.87596030897427
7071,94.23834987196332
7074,102.70087666049372
7075,94.16740635174361
7078,111.01949624499886
7079,93.9652940257472
7080,113.85141490312185
7081,94.1416986016815
7082,111.03512124499886
7083,94.07794707834472
7085,111.26768573973297
7092,102.84524282161613
7094,93.90088610452065
7100,94.19984373313943
7101,110.67811623572368
7102,110.89983682117074
7104,110.53542642078011
7105,95.77220328516393
7106,93.67548270887661
7107,104.18364244340566
7108,78.07095754563039
7109,93.78908793264705
7110,110.97430734119027
7112,93.98463543609472
7113,103.36313546938212
7114,94.34974291319304
7116,110.89281777820199
7117,97.90223868555455
7118,104.03713894687709
7120,94.27407305043687
7121,102.53685170771672
7123,102.1351102194962
7124,95.18508544853796
7127,108.1774258572639
7131,102.02090581275792
7132,94.18026633924771
7133,92.98090361781391
7134,111.1486084886512
7135,94.14455427965345
7136,111.48089638709087
7137,93.91039256949878
7141,93.93417834797421
7144,102.86460622493644
7147,111.24676064929574
7148,93.80401311974418
7150,93.72557901726887
7151,94.27407305043687
7152,102.88595375284578
7154,94.32628834371263
7156,94.0126315667028
7157,105.04765494063744
7159,115.49873541979335
7161,95.03803038879087
7163,94.33878767929164
7164,103.6480557687639
7167,78.57000998107006
7169,103.06340450393921
7170,93.79624463863823
7173,94.19522688223987
7174,113.58905448367298
7177,111.06559304675667
7178,103.12465794057795
7179,93.86961360487348
7180,77.9559540429124
7181,110.89400033435433
7182,93.8027543977789
7184,94.24186607069302
7185,112.99920968494027
7186,93.50856875861419
7187,114.06790351061366
7188,100.41106918261846
7189,110.94334910722341
7191,102.79781738101127
7193,110.49782411024671
7197,94.41284656086484
7199,95.0334461217441
7200,111.03512124499886
7201,94.14455427965345
7204,93.90302958482846
7207,112.46144418201058
7209,111.00772691216153
7210,93.84898594158736
7211,103.34119553115451
7213,93.2196885569972
7214,111.40613870105355
7216,111.22591714343636
7217,94.14672247854472
7220,110.12215737781136
7224,109.95472268542855
7225,93.93002795734921
7226,111.22591714343636
7227,94.16333225506392
7234,112.99920968494027
7236,82.32554818943373
7239,102.53125247311402
7240,93.01650893932594
7242,112.74059292807837
7244,110.49962167224496
7245,92.2504069473303
7247,111.1840088792762
7248,93.3428370620764
7249,115.4344425120785
7250,110.7998536058387
7251,94.42906282723578
7252,111.4114258714637
7253,78.14969439772142
7256,93.46683927687445
7260,93.36666870354111
7261,110.66846780261605
7264,93.74465794700083
7269,111.47364640679044
7270,92.44403951216785
7273,110.59383706531136
7279,92.63764188809563
7281,112.30124978503792
7284,93.29947017112013
7285,112.91958932361214
7286,115.37590216784022
7287,92.39760626588986
7289,93.11919326444897
7292,92.43395458776158
7293,110.97284249744027
7296,93.06711818905424
7297,110.76983681677837
7298,92.40655800459359
7299,111.37687234363167
7301,102.40953954078526
7304,110.57094888171761
7306,114.02471563350954
7308,93.11919326444897
7309,101.84245228006066
7312,92.63535312507113
7313,78.14969439772142
7314,92.9730377220958
7316,93.8187598639202
7319,113.35819840874356
7321,93.60186011520585
7323,92.88386904773432
7324,102.80968602516026
7325,93.06502773495268
7328,102.37648010074349
7330,78.07923010436107
7334,93.0888619634683
7337,112.7273667283973
7338,93.45536645897849
7339,93.36718080819281
7341,92.86201735992796
7342,112.6531479783973
7344,110.93212441882699
7345,109.73037270984261
7347,110.47906342909437
7349,112.30124978503792
7350,94.03155788515383
7353,111.66111794470805
7355,111.2094452806434
7356,93.83302337766804
7357,115.45498971423714
7358,93.44228662911394
7360,92.93100201207798
7363,102.79883740525429
7364,93.33896951930222
7366,93.1340832345112
7368,93.16041069690147
7369,110.72828225574105
7370,92.85966018102755
7373,92.8830234860661
7374,112.1426499315223
7375,93.46769694085472
7377,95.77904142647799
7379,92.77082098756955
7380,115.23537634996913
7382,110.63778237781136
7383,92.76730528753504
7385,93.03388956780785
7386,103.58601215711803
7391,93.0666489137977
7394,109.10963542912378
7396,110.7998536058387
7397,93.81353739495628
7399,95.83721555977877
7400,102.63997532281905
7403,78.89204211500657
7405,110.7040512987098
7408,111.14248208484261
7414,111.39345384087247
7416,102.60155822879096
7417,93.32414060935716
7419,93.42550612949387
7420,109.78589798107313
7421,93.32311896222112
7422,93.37160043971238
7423,102.95956555035102
7425,78.04924539658506
7430,92.84213210605637
7432,93.189647100358
7433,93.58574369477091
7434,110.27618722400277
7436,110.5218997284129
7437,92.64882693982307
7438,102.3705830265971
7440,102.79956450383915
7441,92.89058665032738
7442,110.4273179002723
7445,111.28043679675667
7446,101.96266174136849
7448,112.49759065256913
7450,103.17615268469953
7451,93.00100631376537
7454,112.06231240710824
7455,93.1358793139016
7457,111.86925820788949
7459,101.89013671695443
7462,93.00391329713909
7464,93.00100631376537
7465,110.68267373523324
7466,92.75605493747602
7467,110.3953327274229
7469,110.91790322742074
7472,93.04038955234543
7473,109.82037667712777
7479,93.0888619634683
7480,102.65418752376456
7484,110.15931252917855
7491,93.09735347958159
7494,103.0741895293165
7495,93.306022441343
7501,93.03043788671326
7503,93.06521529814037
7504,103.12837899965555
7505,92.46763808559675
7508,111.12980203113167
7509,92.37630751989474
7510,78.14969439772142
7511,111.36258531059903
7515,93.1448486142045
7516,103.10253144058001
7517,92.85934746331353
7518,103.12750929388366
7519,92.99123623104643
7521,93.12089099684238
7522,102.66770568667533
7524,103.30883454256391
7526,102.42629887018234
7527,92.98047142688193
7528,102.35073519604188
7529,93.37530785266318
7534,111.0080292650184
7537,111.45516519031136
7538,92.95903613129815
7540,92.66241156494212
7541,111.22527627429574
7545,113.14961556872933
7551,111.92719865288419
7553,93.18590469023022
7554,101.79814275123448
7555,93.40587718471707
7561,111.0072712039854
7562,95.82017776031859
7564,92.80983396693307
7565,102.74110408161906
7566,93.11404051095064
7567,112.66465968551384
7569,101.60979987792854
7570,93.41179924670615
7571,113.89763831285975
7572,93.0962390346426
7574,103.21045430843253
7578,111.30855874499886
7579,92.70572939642253
7586,92.43849477005384
7587,79.590863573706
7590,93.0745797369058
7593,109.82037667712777
7594,93.30582090540963
7595,93.11404051095064
7600,93.02897647712192
7601,78.46782449207538
7602,92.68202240110554
7603,110.58029025990871
7604,92.71438602302035
7606,93.93738332499379
7608,112.33141923393887
7613,78.1323363433032
7615,110.48279885730355
7616,110.27604248964337
7617,113.10252976860684
7618,92.98047142688193
7619,102.39769662660868
7622,93.31107786225138
7623,102.23882420875401
7624,93.32999687854209
7625,103.5066263232493
7626,93.14987105985912
7627,101.99247408764344
7628,77.98459171709791
7631,103.35610658252133
7632,102.64782632631571
7633,93.67662443429049
7634,115.1956293297986
7635,93.26649211399578
7636,111.58458260974496
7637,111.58458260974496
7639,92.80671695563754
7640,78.10101084388819
7644,110.92547921619027
7645,92.67118866087117
7648,102.62048221979171
7649,93.19197350207725
7650,110.78450326404183
7652,110.68267373523324
7653,93.03815460442001
7655,93.00096130608017
7659,110.83908883093852
7662,95.18602463251722
7664,93.03975397312055
7666,94.09882945817864
7668,93.31501528204976
7669,110.13412257092085
7670,93.06912499133506
7672,93.84673228566047
7673,111.94066934070199
7678,93.11782077643832
7679,78.96631242320481
7680,103.69347553959611
7683,91.66377502328373
7685,115.37590216784022
7688,93.02612228056225
7690,109.98829224550275
7692,93.12639858456205
7693,93.03587234264626
7695,112.7273667283973
7696,93.17857340569847
7698,92.75351897161707
7699,111.3269504642393
7702,92.68734267614474
7703,111.53013925036996
7704,93.25208550158897
7707,111.36258531059903
7713,80.72667921768593
7715,102.59549197506715
7717,110.73827676257699
7718,92.54840543643061
7719,103.21475716336894
7721,112.14345855993432
7722,94.09552484062223
7725,101.82852742231145
7727,102.04968269795043
7730,78.7846414494069
7733,92.65749195965469
7735,101.84047063209385
7740,111.48858193835824
7741,110.58703164538949
7742,92.7702947773256
7744,110.62035684070199
7747,92.74068200101996
7750,77.96966581506726
7752,110.9027817674598
7754,113.01214913806527
7756,103.13931783382316
7757,92.36435075096597
7758,105.18097259339808
7760,103.53087025395158
7761,92.81118176008073
7763,111.86770944079964
7765,92.6043168112312
7767,111.54513101062386
7768,93.28455362763745
7771,92.69324657941667
7773,91.60280415564498
7774,116.24196938953011
7776,103.5404626276437
7779,92.4981130312934
7783,92.59193664163018
7786,116.00585108727876
7787,92.86724476360249
7789,92.42644726079553
7791,93.11529578148077
7793,92.65905510893012
7794,110.5523179002723
7795,92.59794645085492
7799,77.94597430494798
7800,111.8592026658973
7802,93.3139118093128
7805,110.77404824255962
7807,101.48437263183479
7808,93.26870821032793
7811,103.9908650750341
7817,109.85084870302228
7818,102.38114084047587
7819,92.74798276797358
7822,92.54723131267778
7823,110.72619943103402
7825,110.28229258866872
7828,93.267972917852
7832,95.13773878567903
7833,78.39202013207074
7834,110.47721414050667
7835,92.64086954444016
7837,92.87471425187857
7840,93.38747791789936
7842,92.42855663278095
7843,110.73746919700059
7844,92.96384439912183
7846,92.81118176008073
7850,92.5390289105517
7853,111.59469155749886
7855,111.85894608940762
7858,92.75487713256706
7863,112.01075020789165
7865,110.75874642810433
7866,92.96035508221252
7868,89.82545319479976
7869,112.03588143347758
7871,78.12789038268139
7872,101.42485371032504
7874,102.31450017310948
7877,112.21898965320199
7878,92.25378218050906
7879,110.62570992468852
7881,92.40147458689592
7883,92.45186624970776
7885,103.0971374493763
7886,92.93397977725093
7889,95.68450494919745
7890,103.00005968156458
7891,93.10836832373704
7893,92.87668200979698
7894,102.46305418898481
7896,110.71996621570199
7898,102.80427846782024
7901,92.45176891723503
7902,110.22780457899671
7904,111.69798317908305
7905,92.35997560244701
7906,114.01744544685604
7909,92.74963071719233
7910,101.67859776832432
7913,92.6694589404741
7918,110.75633553943246
7919,92.54379841834029
7923,91.50110450242079
7925,92.83706829572526
7927,91.51491368551046
7930,92.52341686528771
7932,92.33135323108189
7933,92.15145452152956
7935,93.14625681663779
7939,105.57611847770718
7942,92.83003231916095
7943,111.56480108191002
7945,102.31478454715034
7946,93.01001776634405
7948,93.17385613432074
7949,109.63549355945199
7950,92.84456693308732
7951,111.54513101062386
7955,102.27611175356986
7959,93.08552635681124
7960,111.48858193835824
7961,92.46713546997017
7962,102.91664559431533
7964,102.78412005551269
7965,93.1127520134738
7966,110.73639230212777
7967,104.5069317256189
7968,93.11971765068083
7971,103.50645450406432
7974,92.54379841834029
7976,109.77142362324179
7978,111.0256836839637
7982,111.48858193835824
7983,92.61343839541499
7984,102.18010457698722
7986,92.87315397038617
7989,109.63549355945199
7991,110.22780457899671
7992,113.1257813402137
7993,89.87006591525719
7994,110.8397705980262
7995,95.13773878567903
7997,92.4891211266058
7998,102.18010457698722
7999,109.85084870302228
8002,92.32790931315714
8007,93.0665217259415
8009,93.02984814086784
8011,92.74558972514168
8013,94.67325245988638
8015,102.43016697320968
8017,111.03375558337777
8019,115.07626532701991
8023,92.56457714477409
8024,112.33328561267464
8026,111.03087930163949
8027,93.02349881901898
8029,92.71885914952145
8030,111.3262207933387
8031,92.56883954203622
8033,92.70861439250874
8035,92.72855387177808
8036,105.61317005553988
8039,103.70739109487482
8042,91.7367230727175
8044,92.71442945950716
8046,77.92707604318855
8048,110.8551743455848
8049,92.35997560244701
8050,102.4300983086589
8053,92.52693466430611
8054,93.24567780767433
8059,92.73890459148637
8061,92.50582181589982
8062,110.43340340613383
8064,110.17712716540902
8066,103.21772049145687
8067,93.28878507393645
8068,92.80984118831842
8070,93.12403879609448
8071,111.74880532703011
8072,92.4732188895317
8076,94.38047818913617
8080,92.67661911542837
8081,112.97777596472758
8084,103.21310158866046
8087,110.85471658191292
8089,90.98698216812181
8090,115.56751441149257
8091,102.3762656573704
8094,112.43477944812386
8100,92.55167447703263
8101,92.73028479207025
8110,92.68245568970653
8111,110.22780457899671
8112,93.76375451783153
8115,111.1663659718028
8116,92.61728417387152
8118,110.17712716540902
8121,115.71099280504725
8125,110.9557602830848
8127,111.37041787585824
8128,92.58919583933732
8129,110.10281220839124
8131,92.54399463186729
8138,92.95431555687139
8139,101.68728001930089
8140,92.73997270672075
8141,91.60280415564498
8142,113.4332764574012
8143,110.79127541541118
8145,111.03087930163949
8146,92.53623282189358
8148,110.71700120415372
8153,111.03836861609477
8154,92.22448050255764
8155,114.70289163074105
8161,92.97152301321495
8162,111.38756875476449
8163,92.2229543842592
8166,112.00711487822443
8168,112.12498139433771
8170,93.81045903263586
8172,111.74848900812071
8173,94.58198918400305
8176,103.49114468202964
8179,94.17098522456567
8181,94.25903793855534
8182,116.35527991442225
8184,112.97958039336115
8190,104.34151244481862
8191,94.85848099467088
8194,112.30929230742365
8196,114.63508551748268
8198,113.48224030107815
8199,111.40399598174005
8201,111.98725556425958
8202,93.9814811527225
8207,93.27397724927752
8208,109.91211663263243
8211,113.80052338213284
8214,111.18540642316191
8217,93.58834362300317
8218,110.98601197295099
8222,93.83292936094875
8229,103.51528258385662
8231,93.66965527563639
8233,93.64802968451286
8236,93.62053966792504
8238,114.6001019387713
8240,102.61429991848692
8243,103.39198284985457
8246,111.46566925615627
8250,94.21039189396399
8254,94.15147969068377
8256,77.59035250211178
8257,112.47670411162287
8258,93.26815849767902
8260,93.61304703888257
8261,111.38957642607599
8263,116.09528080661008
8264,93.22551851484306
8267,110.85623597197443
8268,92.54764164982336
8271,92.62390507755774
8272,109.91211663263243
8275,93.79460691221828
8276,94.85976979078143
8277,116.03742983355107
8278,117.22412299303554
8279,92.4522665887882
8280,112.24015473418146
8281,94.21177903351148
8282,112.16670655302912
8287,114.16193543047268
8288,95.37283696232336
8289,114.21950196318537
8294,92.64693302453387
8296,92.46096409855383
8299,111.2696804910174
8302,102.16343304772141
8308,110.77463959746271
8314,102.35227509044012
8315,94.50373811741892
8316,109.48374214159102
8317,93.88421191453034
8319,111.34111176103909
8320,90.22696278974163
8321,116.54741858629725
8323,93.25338975128491
8325,93.58340895458505
8326,110.3832794246133
8328,109.88897667901915
8330,111.56806611113458
8331,93.38304848271696
8332,111.79533814482599
8334,93.55694258495615
8338,94.47732914982336
8339,94.59064267881985
8341,91.6409536026595
8345,110.74042176299005
8346,93.21931168123112
8347,102.55139465831121
8349,94.44466676320144
8351,93.51154005810068
8352,110.32193421416193
8353,109.88897667901915
8355,111.49637269072443
8358,110.2066695457205
8359,110.15491913847833
8360,93.73348279028482
8361,111.00907563261896
8363,102.93075940270188
8364,93.84316037901516
8365,94.40210695286814
8366,102.26393677947175
8370,112.53803406328518
8372,92.8631559638624
8376,94.33840596625114
8377,111.05202431735975
8379,110.14000092119534
8380,93.29483144558495
8381,112.92111359209377
8386,92.66878102704632
8388,102.005635208585
8389,92.9712960601675
8391,113.57411622099787
8394,94.15147969068377
8396,103.60041351817449
8398,103.39478099555461
8400,114.72570466093927
8401,93.24511831081932
8404,91.6409536026595
8407,94.53941516683369
8408,112.05179261259943
8409,110.11388360040587
8410,104.59726257823309
8411,94.74116758706967
8413,93.484581532347
8414,111.46977662138849
8416,93.51858289832796
